ID,명칭,우편번호,관리자,전화번호,주소,위도,경도,개요,문의 및 안내,규모,수용인원,이용시간,쉬는날,이용요금,할인정보,관람소요시간,주차시설,주차요금,유모차 대여 여부,애완동물 동반 가능 여부,신용카드 가능 여부,상세정보
1220821,세계조가비박물관,63594,,,제주특별자치도 서귀포시 태평로 284 ,33.2474447916,126.5516736169,"서양화 화가 명연숙 관장이 41여 년간 세계 각국에서 수집한 8 800여 종 개체 수 억 만점 이상의 신비하고 아름다운 오방색 조가비와 산호 그리고 동을 이용하여 세계 최초로 시도하는 새로운 형식의 세계조가비박물관이다.
바닷속 아름다운 조가비 세계를 예술 작가들이 연출하였는데  부관장(권오균 금속조형작가)의 작품인 동을 소재로 하여 만든 받침대 위에 올려진 조가비와 산호의 아름다운 하모니는 관람객들의 발길을 멈추게 한다.",,,200명,"상시 09:00~18:30<br>
[매표마감]<br>
현장 17:30, 온라인 17:00<br>
※ 박물관 사정에 따라 변경될 수 있으므로 전화문의 요망",연중무휴,"[개인]<br> - 성인 7,000원, 청소년 5,000원, 어린이 4,000원, 경로 6,000원<br>[단체 및 도민]<br>- 성인 6,300원, 청소년 4,500원, 어린이 3,600원, 경로 5,400원<br>※ 자세한 사항은 홈페이지 참조",,약 40분,가능,무료,없음,,가능,
129767,서귀포시립기당미술관,63594,,,제주특별자치도 서귀포시 남성중로153번길 15 ,33.2447978549,126.5512403807,"기당미술관은 제주도가 고향인 재일 교포 사업가 기당 강구범 선생에 의해 건립되어 서귀포시에 기증되었으며 1987년 7월 1일 개관하였다. 기당미술관의 건축은 농촌의 눌(단으로 묶은 곡식을 차곡차곡 쌓아 놓은 더미를 가르키는 제주도 방언)을 형상화하여 나선형의 동선으로 이루어진 전시실이 특징이며  한국의 전통 가옥을 연상시키는 서까래 천정과 적절한 자연광이 들어올 수 있게 설계되어 쾌적한 전시 공간을 연출하고 있다.
기당미술관은 5 092㎡의 대지에 1 160㎡ 면적의 지하 1층  지상 1층 건물로 조성되어 상설전시실  기획전시실  수장고  세미나실  아트라운지  사무실 등의 시설을 갖추고 있다.
상설전시실은 기당 강구범 선생의 친형이자 근대 서예가인 수암 강용범 선생의 유작을 전시하는 [수암 전시실]과 제주도 출신의 폭풍의 화가로 잘 알려진 변시지 선생의 작품을 전시하는 [우성 변시지 전시실]로 구성되어 있다. 기획전시실은 기당미술관이 소장하고 있는 소장품을 중심으로 매년 3~4차례의 소장품전과 지역 및 초대작가들의 작품들로 구성되는 기획전을 개최하여 지역예술인과 시민들이 함께 할 수 있는 공간을 만들고 있다. 아트라운지에는 어린이 쉼터 및 미술 도서가 비치되어 있다.",,"부지 5,092평㎡<br>
연건평 2개층 960.3㎡",,"10~6월 :  09:00~18:00<br>
7~9월 : 09:00~19:00 <br>
※ 입장마감 : 관람 시간 30분 전 까지","매주 월요일, 1월 1일, 설날, 추석","[개인] <br>어른(25~64세) 1,000원 <br>청소년(13~24세) 500원 <br>어린이(7~12세) 300원 <br>[단체] <br>어른 700원 <br>청소년 300원 <br>어린이 200원 <br>[무료입장] <br>유아(6세이하) / 65세 이상 경로/ 국가유공자 / 독립유공자","※ 문화가있는날 무료관람
※ 50% 감면 : 제주특별자치도민/ 재외도민증소지자/명예도민증소지자",,가능,무료,불가,,없음,"소장품현황:국내외작가 미술품:660여점
사업내용:1) 미술자료의 수집  정리  보존  전시  조사 <BR>
2) 미술관련 각종 기획전 및 초대전 <BR>
3) 어린이 그림그리기대회 등 미술관련 행사 
대관안내:기획전시실 대관 
"
129894,제주특별자치도민속자연사박물관,63270,,,제주특별자치도 제주시 삼성로 40 ,33.5064214033,126.5313500889,민속자연사박물관은  제주의 대표 박물관으로 화산섬 제주의 형성과정을 비롯하여 자연자원  제주사람들의 생애와 민속 문화를 종합적으로 관람할 수 있다. 지난 1984년 5월 24일 개관한 이래 실물 자료와 모형·마네킹 등을 활용해 입체적으로 전시함으로써 이국적인 느낌을 주는 제주 문화를 보다 쉽게 이해할 수 있도록 하고 있다. 로비에 설치된 참고래 골격 표본과 제주의 신비로운 실감 영상은 제주의 가치를 한눈에 보여준다. 제주도 형성사  여러 가지 암석  한라산의 식물 수직분포도  곤충  포유류 등 제주의 형성과정과 여러 자연생태까지도 볼 수 있다. 그리고 제주인의 일생  생업  의식주 등을 통해 과거 제주인의 생활을 접할 수도 있다.,,,,09:00~18:00 (입장 마감 17:30),"매주 월요일 (단, 월요일이 공휴일인 경우 그 다음 첫 번째 비공휴일) / 1월 1일 / 설·추석 / 훈증 소독기간","[개인]<br>- 어른 2,000원<br>- 청소년, 군인 1,000원<br>[단체(10인 이상)]<br>- 어른 1,600원<br>- 청소년, 군인 800원",,,가능,,가능,,가능,
129895,제주 탑동해변공연장,63165,,,제주특별자치도 제주시 중앙로 2 ,33.5179061303,126.5243032176,"아름다운 제주해변 풍광과 함께 시원한 바다 내음을 맡으며 다양한 무대 공연을 관람할 수 있는 야외공연장이다. 공연장의 구조를 갖춘 최초의 야외 공연장으로서 수준 높은 공연이 가능한 곳이다. 지상 3층의 공연장 건물과 노천 객석 2500여석 규모로 전국 유일의 바다가에 인접한 공연장으로 국내 최초의 야외공연장이다. 주변에 조망할 수 있는 바다와 항구가 있고  공연장 옆에는 광장이 있어서 다양한 여가 활동을 즐기는 제주 시민을 만날 수 있다. 

(출처 : 제주 문화관광 홈페이지)",,"대지 10,200㎡, 건물 1,995.65㎡(지상3층)",,상시개방,연중무휴,,,,,,없음,,없음,
130036,제주문화원,63165,,,제주특별자치도 제주시 중앙로 2 해변공연장 2층,33.5179061303,126.5243032176,제주문화원은 탑동해변공연장 건물 2층에 위치한 문화원이다. 지역 고유의 문화계발  연구  조사 및 향토 문화의 발굴과 보존  지역주민들에게 문화시민정신을 선양시키는 데 중점을 두고 있으며  제주문화원은 제주시의 향토 사료 발간  문화학교와 문화대학  어르신 문화학교인 교육프로그램을 운영하고 있다. 문화학교에서 운영하는 여가문화 활동을 위한 교육 강좌로는 서예 교실  민요 교실  사진 교실  한문 교실 등이 있으며  문화대학에서 운영하는 제주의 역사  자연  민속  문화 등 향토사 중심의 교육 강좌는 제주 신화  제주 올래와 정낭  제주 향토사 원로 특강 등이 있으며  이는 변동될 수 있다.,,,,"09:00~18:00<br />
※ 강좌시간에 따라 변동 가능",토요일 / 일요일 / 공휴일,,,,가능(소형 10대),,없음,,없음,"사업내용:향토사료발간  지역문화행사  문화대학  문화학교  어르신문화학교 등
예약안내:
"
130088,제주교육박물관,63224,,,제주특별자치도 제주시 오복4길 25 (이도이동),33.4946450338,126.5379247844,"제주교육박물관은 우리 주변에 사라지거나 잊혀가는 소중한 교육자료를 수집하여 보존하고  학생들에게 전통문화의 체험 기회 확대와 제주교육문화의 진흥을 위해 1995년 4월 29일 개관한 교육 특화 박물관이다. 4개의 상설 전시장과 기획 및 체험전시실  야외전시장으로 구성되어 있다. 
제주교육에 관한 교과서  서장  교구  문서 등을 수집하고  선사시대부터 현대에 이르기까지 시대별로 특징을 담아 자료를 전시했다. 개체 전시  생동감 있는 영상 전시  그리고 교육 현장을 축소한 디오라마 전시기법을 통해 제주교육의 과거  현재  미래를 제시하고 있다. 제주교육의 흐름과 옛 교육의 생활 및 놀이를 엿보고 체험도 하며 즐거운 관람을 할 수 있다. 무료 전시해설 프로그램이 있어 관람 이해를 돕고 있다.",,,뮤지엄극장(224석),09:00~18:00 / 독도체험관 09:30~17:30,매주 월요일 / 1월 1일 / 명절 당일 / 임시공휴일,무료,,60분,가능,무료,없음,,없음,"사업내용:1) 특별기획전 - 연 1회 기획전 개최<br>
 2) 영상문화관 운영(명화감상교실)<br>
 3) 전통문화강좌 개설<br>
 4) 향토문화학교(초등학생)  주말문화학교(중 고등학생) <br>
 5) 우리고장 문화유산답사(교직원)  제주도 문화기행(4회  지역주민)<br>
 6) 영상토론회 (매월 둘째주 토요일)<br>
 7) 한문서당(초등학생)  교양한문서당(지역주민)
체험프로그램:무료 전시해설 : 09:00~13:00 / 14:00~18:00

예약안내:단체 방문시 사전 예약
대관안내:뮤지엄극장 대관가능 (담당자 064-720-9133)
"
130141,한국야구명예전당,63558,,,제주특별자치도 서귀포시 중산간서로 97-1 (강정동),33.2605730556,126.4984223827,"서귀포 강창학체육공원 내에 위치한 한국야구명예전당은 1995년 개관한 야구 박물관이다.
서귀포에 다양한 야구 관련 시설을 설치하고 야구의 메카로 자리매김하겠다는 서귀포시의 의지에 당시 [야구의 집]을 운영하던 이광환 전 LG 트윈스 감독의 물품 기증이 합쳐져 박물관의 모습을 갖추게 됐다.
전시실에는 국내외 야구 역사와 관련된 사진은 물론 글러브  배트 등의 야구용품과 그 변천을 담았다. 또  박찬호  선동열  이종범  이상훈 등의 국내 주요 야구 선수들의 소장품과 MLB 첫 월드시리즈 입장권과 같은 해외 야구 물품이 전시되어 있다. 전시실 외에 야구도서관을 조성해 2천여 권의 야구 도서와 잡지  과거 야구 영상물을 담은 비디오테이프를 볼 수 있다. 글러브와 야구공 제작 과정을 볼 수도 있다.
국민 스포츠 야구와 관련된 전반적인 정보와 흥미로운 볼거리를 제공하고 있어 누구나 방문하기 좋다.",,"전시관 287㎡<br />
공연장 535㎡<br />
도서관 145㎡",공연장 417석,09:00~18:00,"매주 월요일 / 1월 1일 / 설,추석연휴","성인 : 1,000원(단체 700원) <br>청소년, 어린이, 군경 : 600원(단체 500원)",제주도민 : 무료,1시간,있음 (서귀포청소년 수련관),무료,없음,불가,없음,
130180,아프리카 박물관,63544,아프리카 박물관,064-738-6565,제주특별자치도 서귀포시 이어도로 49 (대포동),33.2398992429,126.4290955229,"아프리카 박물관은 1998년 11월 서울 대학로에 아프리카란 우리에겐 다소 생소한 문화를 토대로 한 박물관을 개관하였으며  2004년 12월 새로운 문화적 도약을 위해 제주도 서귀포시 중문관광단지 국제컨벤션센터 동쪽에 박물관 건물을 신축하고 이전하였다.
서귀포시 중문관광단지에  새롭게 선보인 아프리카 박물관의 건물은  서아프리카 말리의 젠네에 위치하고 있는 이슬람 대사원을 토대로 설계하였다. 젠네 대사원은 흙으로 지어진 건물 중 세계 최대 규모이며  국제 문화 협력 교류기관인 유네스코는 전 인류가 함께 보존 해야할 세계문화 유산으로 지정하고 있다. 신축된 아프리카 박물관은 아프리카 대륙 문화의 정통성을 훼손하지 않고 보다 다양한 시각으로 소개하고자 하는 본 박물관의 의지를 표방하고 있다.",,,,10:00~19:00,연중무휴,"[일반]<br>- 성인, 대학생 10,000원 / 청소년 9,000원 / 어린이 8,000원<br>[우대]<br>- 성인, 대학생 9,000원 / 청소년 7,500원 / 어린이 7,000원<br> ※ 무료 : 36개월 미만 어린이<br> ※ 학생단체는 별도 전화문의",,,가능 (승용차 100대),무료,가능,,없음,"체험프로그램:[문화체험교실]<br>
- 조형물만들기 / 체험학습지 작성 / 전통음악 공연 / 동영상 관람 등<br>
※ 자세한 안내는 홈페이지 참조
사업내용:1) 아프리카 민속 공연<br>
2) 어린이 미술 체험교실 운영
소장품현황:아프리카 30여 개국 70여 부족의 조각품과 가면  북  장신구  의자  직물 등 총 450여 점 전시(총 650여 점 소장)
한국어 안내서비스:전시 설명 가능(사전예약)
예약안내:단체관람 - 전화예약(예약시 박물관 투어 혜택) <br>
※ 문의 064-738-6565
"
130193,서귀포문화원,63595,,,제주특별자치도 서귀포시 이중섭로 33 3층(이중섭창작스튜디오) (서귀동),33.2451841334,126.5644975567,"서귀포문화원은 1996년에 창립하여  12년 만인 2008년 7월 행정시 통합으로 인한 남제주문화원과 통합문화원으로 새로운 출발을 시작하였다.
서귀포문화원은 성산 일출봉에서 대정 송악산까지 가파  마라도를 아우르는 역사 유적의 연구 조사 활동  조상의 숨결이 밴 유형무형의 문화재를 발굴 보존 전승하는 일을 하고 있다. 또  문화예술교육사업의 목적으로 문화학교와 문화대학을 운영하고 있으며  숨비소리합창단과 문화동아리도 육성하고 있다. 이 외에도 어르신동아리와 어르신문화콘텐츠를 운영하여 다양한 연령층이 문화를 즐길 수 있고  문화예술 활동 및 지역문화의 창달을 위해 노력하고 있다.",,,,09:00~18:00(동절기 09:00~17:00),토요일 / 일요일 / 공휴일,"강좌별 30,000원(재료비 발생 강좌는 본인 부담)",,,가능,,없음,,없음,"체험프로그램:문화학교 / 문화대학 / 숨비소리 합창단 / 문화동아리 / 어르신동아리

사업내용:1) 지역작가초대전시회<br />
2) 환경그림공모전<br />
3) 서귀포 칠십리 가요제<br />
4) 향토문화세미나<br />
5) '서귀포문화' 발간<br />
6) 민속보존예술단 운영<br />
7) 문화체험행사<br />
8) 문화 역사마을 가꾸기 사업<br />
9) 향토사 연구총서발간<br />
10) 문화학교 운영
예약안내:전화 예약 064-733-3789

"
130308,제주항일기념관,63331,,,제주특별자치도 제주시 조천읍 신북로 303 ,33.5410109898,126.6407703457,기미년 3·1독립만세운동은 제주지역까지 이어져 1919년 3월 21일부터 3월 24일까지 제주 제주시 조천읍 소재 미밋동산(현 만세동산)에서 거행되었다. 이러한 선열들의 뜻을 기리기 위하여 조천만세동산 성역화 사업이 추진되었으며  1997년 8월 15일 제주항일기념관을 개관하였다. 제주항일기념관은 조천만세운동을 비롯하여 제주에서 일어난 항일독립운동의 역사를 한눈에 볼 수 있는 곳이다. 전체 58 582㎡인 부지의 기념관 및 애국선열추모탑  창열사(위패봉안실)  3·1독립운동기념탑 등 시설을 갖추고 만세공원을 조성하고 있으며  선열들의 숭고한 희생정신과 자주독립정신을 계승·발전시키고 자라나는 후세들에게 올바른 역사의식과 애국정신을 함양하게 하기 위한 교육의 장 역할을 하고 있다.,,"56,198m² (지하 1층, 지상 2층 연면적 1,696m²)",,09:00~18:00 (입장 마감 17:30),1월1일 / 설날연휴(3일) / 추석연휴(3일),무료,,,가능,무료,없음,,없음,"체험프로그램:
한국어 안내서비스:관람객들의 이해를 돕기 위해 문화관광해설사의 해설프로그램(한국어)을 제공 <br />
운영시간 : 10:00~17:00 (점심시간 제외)<br />
단체방문의 경우 사전예약
"
130317,테디베어뮤지엄 제주,63535,,064-738-7600,제주특별자치도 서귀포시 중문관광로110번길 31 (색달동),33.2536335404,126.4102024105,"100년이 넘는 테디베어의 역사와 서울의 역사  근현대 100년 인류사  서울의 역사와 현재의 모습  예술  세계여행 등의 여러 가지 테마를 테디베어와 접목해 재미있는 볼거리와 알 거리를 제공하는 테마 박물관이다.
1902년에 탄생한 테디베어의 역사를 전시한 국내 최초이자 최대 규모의 박물관이다. 세계 각국에서 모아 온 진귀한 테디베어들이 전시되어 있을 뿐만 아니라  테디베어 전시를 통해서 20세기 인류 역사를 소개하고 있다. 엘비스 프레슬리의 유명 공연을 감상할 수 있고  세계적인 명화를 패러디한 베어 등 흥미롭고 다채로운 구성으로 아이에서 어른 할 것 없이 누구나 좋아하고 사랑하는 테디베어를 만날 수 있다. 기념품 매장  카페테리아  수유실 등의 부대 시설이 운영되고 있다.
2021년 5월  20주년을 맞아 새롭게 단장하고 재개관해 새로운 테디베어들을 만나볼 수 있다. 테디베어뮤지엄은 중문 관광단지에 위치해 다른 관광지로 이동이 수월하고  중문 색달해변이 내려가 보이는 잔디광장과 야외정원이 조성되어 있어 싱그러운 바닷바람과 함께 산책의 여유로움도 찾을 수 있다.",,"총면적 13,553㎡<br />
연건평 4,297㎡",,09:00~18:00 (17:30 입장마감),연중무휴,"[성인]<br>- 12,000원<br>[청소년]<br>- 11,000원<br>[어린이]<br>- 10,000원<br>※ 36개월까지 무료 입장 (성인 1인 당 2명까지)",,60분,가능 (테디베어뮤지엄 앞 주차장),무료,없음,,가능,
130363,초콜릿 박물관,63504,,,제주특별자치도 서귀포시 대정읍 일주서로3000번길 144 ,33.2570220058,126.2300235314,제주의 자연과 어우러진 소박한 규모의 초콜릿 전문 박물관이다. 화산 활동으로 생성된 제주 고유의 송이석으로 지어진 박물관 건물은 유럽스타일  고성의 느낌을 주며  1 500여 평에 이르는 넓은 대지 위에서의 느낌은  방문객들에게 아늑함과 낭만을 동시에 느끼게 해 준다. 독일 쾰른의 초콜릿박물관에 이어 세계 두 번째의 규모로 동양에서는 처음으로 세워진 초콜릿&카카오 전문 박물관으로 초콜릿의 전래 역사와 유럽을 선두로 변천과 발전을 지속해 온 지구상의 모든 초콜릿에 대해 재미있게 살펴볼 수 있는 기초 미각 문화의 전당이다. 세계 10대 초콜릿 박물관으로 선정되기도 했다. 일정 가격만큼의 초콜릿을 구매하면 초콜릿을 만들어 보는 체험 활동 이용권을 받을 수 있다.,,,,10:30~17:00,연중무휴,"- 성인 : 8,000원 <br>- 소인 : 6,000원 <br>- 6세 미만/70세 이상 : 무료",,약 40분,가능,,없음,,가능,"체험프로그램:[초콜릿 사관학교] 초콜릿 체험 <br>
- 어린이(5세~13세) 대상 프로그램<br>
- 프로모션 초콜릿을 구매하면 무료체험권 1매 제공<br>
- 매 정시 진행되며  별도 예약 없이 선착순 입장<br>
- 체험은 약 40분 소요

한국어 안내서비스:가능
"
130461,국립제주박물관,63284,,,제주특별자치도 제주시 일주동로 17 (건입동) ,33.5124015817,126.5492150664,2001년 6월 15일 개관한 국립제주박물관은 제주의 역사와 문화유산을 체계적으로 전시·보존·연구하는 고고·역사박물관이다. 국립제주박물관에서는 제주의 여러 유적에서 출토된 유물과 역사적 문물들을 중심으로 선사시대부터 조선시대까지 시대별 각 유적과 유물이 갖는 역사·문화적인 의의를 전시물에 담았다. 탐라문화의 전시공간을 특성화하여 독특하고 고유한 탐라문화를 체계적으로 선보이는 한편  해마다 다양한 주제의 특별전을 개최하고 있다. 그 외에도 다양한 사회교육 프로그램을 마련하는 등 제주를 찾는 국내·외 관광객에게 제주 토착문화의 전개 과정을 체계적으로 보여주는 문화공간이 되도록 노력하고 있다.,,"대지면적 52,032m²<br>연면적 13,830m²<br>전시실면적 3,219m²<br>옥외전시 조경 28,628m²","강당 280석, 세미나실 50석",09:00~18:00(입장마감 17:30),매주 월요일 / 1월 1일 / 설·추석,"무료<br>※ 단, 유료 특별전시 제외",,약 1시간 내외,가능,무료,가능,,없음,"사업내용:상설전시  특별전시  문화강좌  어린이 문화재 그림 그리기  찾아가는 박물관 교실  각종 공연  유물 수집·보존  학술 조사와 연구 등
체험프로그램:교육프로그램 / 문화행사<br>
※ 연령 및 일정별로 진행하는 프로그램이 상이하므로 자세한 사항은 홈페이지 참조
외국어 안내서비스:[전시 안내 앱 전시 해설]<br>
휴대폰과 개인 이어폰 지참 후 국립박물관 전시안내 앱으로 무료 음성해설을 들을 수 있음<br>
<br>
[로봇 전시 해설 안내]<br>
- 이용장소 : 상설전시관 1층<br>
- 이용방법 : 자율관람<br>
- 운영시간 : 09:00~관람종료 30분전<br>
- 전시실 및 전시품 등 문화 정보를 제공<br>
- 선사실  탐라실  고려실  조선실 등 주요 전시실을 동행하며 전시 해설<br>
- 다국어 서비스(영어  중국어  일본어) 제공
한국어 안내서비스:[상설전시실 전시 해설]<br>
- 정기해설 시간 : 화요일~일요일 10:00 / 일 1회<br>
- 소요시간 : 약 40분<br>
- 회당 전시 해설 인원 : 20명<br>
- 모이는 곳 : 상설전시실 안내데스크 앞<br>
※ 박물관 사정에 따라 해설시간은 변경될 수 있음<br>
※ 해당 해설은 사전 예약제가 아닌 현장 참여로 진행<br>
※  수시해설은 방문 당일 안내데스크로 문의<br>
※ 수시해설 배치 도슨트는 1~2명이며  다른 해설이 진행되는 경우 참여가 어려울 수 있음<br>
<br>
[전시 안내 앱 전시 해설]<br>
휴대폰과 개인 이어폰 지참 후 국립박물관 전시안내 앱으로 무료 음성해설을 들을 수 있음<br>
<br>
[로봇 전시 해설 안내]<br>
- 이용장소 : 상설전시관 1층<br>
- 이용방법 : 자율관람<br>
- 운영시간 : 09:00~관람종료 30분전<br>
- 전시실 및 전시품 등 문화 정보를 제공<br>
- 선사실  탐라실  고려실  조선실 등 주요 전시실을 동행하며 전시 해설<br>
- 다국어 서비스(영어  중국어  일본어) 제공
대관안내:- 대관시설 : 강당(280석) 및 기타 부대시설<br>
- 대관 가능일 : 화요일~금요일  일요일<br>
- 대관문의 : 국립제주박물관 기획운영과 전화(064-720-8023)   팩스(064-720-8050)  메일(sung73@korea.kr)<br>
- 대관신청 : 행사 10일전까지 대관신청서에 행사계획서와 신청인(단체)의 활동경력을 첨부하여 기획운영과에 제출(우편  팩스 등)
예약안내:단체관람 예약은 하루 전 인터넷과 전화로 예약 필수
"
130474,제주민속촌,63629,,,제주특별자치도 서귀포시 표선면 민속해안로 631-34 ,33.3213162956,126.8431022619,제주민속촌은 2001년에 개관한 제1종 전문 박물관으로 1890년대를 전시 기준 연대로 하여 제주의 민속자료를 종합적으로 정리하여 전시하고 있으며  100여 채에 달하는 제주 전통가옥은 제주도민이 생활하였던 가옥과 돌  기둥 등을 그대로 옮겨와 복원해 전시하고 있다. 이 전통 가옥에는 생활용구  농기구  어구  가구  석물 등 민속자료가 전시되어 있다. 제주민속촌에서는 제주는 물론 우리나라의 향토수종 및 꽃들을 식재하여 사계절 내내 꽃들을 볼 수 있으며 재래흑돼지 및 가금  가축을 사육하고 있어 자연학습장 기능도 겸하고 있다. 이외에도 다양한 테마별 전시장과 체험가옥  전통민속놀이 체험장을 통해 다양한 볼거리와 체험거리를 제공하고 있다.,,,,"[10월1일~2월28일]<br>
- 09:30~17:00 <br>
[3월1일~3월31일]<br>
- 09:30~17:30<br>
[4월1일~9월30일]<br>
- 09:30~18:00<br>",연중무휴,"[개인]<br>- 성인 15,000원<br>- 경로 13,000원<br>- 청소년 12,000원<br>- 어린이 11,000원<br>[단체 (20인 이상)]<br>- 성인 12,000원<br>- 경로 10,000원<br>- 청소년 8,000원<br>- 어린이 7,000원",,,"가능 (약 소형 150대, 대형10대)<br>요금 (무료)",,없음,,가능,"체험프로그램:민속생활 체험 / 민속놀이 체험 / 관아 형벌체험 
외국어 안내서비스:오디오가이드(영어  중국어  일어)<br /> 
- 대여장소 : 제주민속촌 집표소 <br />
- 대여비용 : 2 000원
한국어 안내서비스:오디오가이드<br /> 
- 대여장소 : 제주민속촌 집표소<br />
- 대여비용 : 2 000원
"
130494,이중섭 미술관,63595,,,제주특별자치도 서귀포시 이중섭로 27-3 (서귀동),33.2458479557,126.5649280598,"이중섭 미술관은 천재 화가 이중섭의 창작 열의와 불멸의 예술성을 후대에 기리고자 건립된 전시관이다. 2002년 이중섭 전시관으로 개관하여 2004년 제1종 미술관으로 등록되었다.
이중섭 화백은 한국전쟁이 한창이던 1951년 1월부터 서귀포시 서귀동 512-1번지의 작은 셋방에서 일본인 아내  두 아들과 1년 남짓 머물며 지금까지 그의 대표작으로 꼽히는 대부분의 그림을 그려냈다. 전쟁 피난민으로서 일시적인 체류였지만 힘들고 불우한 그의 일생 중 그래도 가장 안정적인 시기로 뛰어난 작품을 그려낼 수 있었다. 이러한 중요성 때문에 서귀포시에서는 이중섭이 살던 집을 복원해 이중섭 기념관을 짓고 집 앞 거리를 ‘이중섭 거리’로 지정했다. 이중섭 거리에는 피난 당시 거주했던 집이 원형 그대로 복원되어 있으며  초가 뒤편으로 생전에 그렸던 그림을 전시한 ‘이중섭 미술관’이 있다.
이중섭 화가의 작품들은 가나아트센터 대표 이호재씨가 서귀포시에 기증한 것으로 이중섭 원화 작품 8점과 우리나라를 대표하는 근현대 화가의 작품 52점 등 모두 60점의 작품이 소장되어 있다.",,,,화요일~일요일 09:30~19:30<br>,매주 월요일 / 1월 1일 / 설·추석 연휴,"- 성인 1,500원<br>- 청소년 800원<br>- 어린이 400원<br>- 6세 이하 65세 이상 등 무료<br>※ 자세한 사항은 홈페이지 참조",,1시간,가능,무료,없음,,가능,
130512,제주아트서커스,63524,,,제주특별자치도 서귀포시 안덕면 동광로 214 ,33.3143952464,126.3449344975,공연 문화의 새로운 장을 열고자 과거 해피타운 공연장 자리에 2004년 1월에 개장한 국내 최초의 중국 서커스 및 오토바이 쇼 상설 공연장이다. 서커스 공연장에서는 오토바이 쇼와 자전거 기예  중국 기예 공연을 펼치고 있으며 특히 국제 서커스대회에서 우수작으로 선정된 종목을 엄선하여 공연을 선보이고 있다. 40여 명의 출연자로 구성된 공연은 최첨단 효과와 환상적인 빛과 음악 연출  화려한 안무로 긴장과 탄성이 절로 나오는 세계적 규모의 서커스 쇼다. 공연문화의 새로운 패러다임을 만들어 가는 아트서커스는 인정받는 기예 단원들이 펼치는 공연이다.,,,,"[하절기(3월~10월)]<br>
10:30 / 15:00 / 17:00<br>
[동절기(11월~2월)]<br>
10:30 / 14:30 / 16:30",월 1회 단장이 정하는 날<br>※ 자세한 사항은 전화문의 요망,"- 대인 25,000원<br>- 청소년 23,000원<br>- 소인 20,000원",,,가능,,없음,,가능,
130682,서복전시관,63596,,,제주특별자치도 서귀포시 칠십리로 156-8 (서귀동),33.2449259259,126.5706414743,"서복전시관은 중국 진나라 때 진시황의 불로장생의 꿈을 이루기 위해 불로초를 찾아 제주도로 왔다고 전해지는 서복을 기념하여 만든 전시관이다. 1999년 2월 27일 문화관광부 전국 7대 문화관광권 개발 사업으로 지정되어 2003년 9월 26일 개관했다. 서복은 영주산에서 불로초를 구한 후 서귀포 앞바다 정방폭포 암벽에 서복이 이곳을 지나갔다""라는 글자를 새겨 놓고 서쪽인 중국으로 돌아갔다고 전해진다. 서귀포의 지명도 ‘서쪽으로 돌아간 포구’에서 유래됐다는 이야기가 있다. 전시관에는 서복상을 비롯해 진시황릉의 청동마차  병마용갱의 실물 복제품과 조각 작품들이 전시되어 있다. 중국 원자바오 총리의 실물 크기 사진과 촬영하는 포토존  주변 해안 전망대와 쉼터 등이 조성되어 있다.""",,,,09:00~18:00 (입장 마감 17:30),1월1일 / 설·추석 당일,무료,,,가능,무료,없음,,가능,
130723,김영갑 갤러리(두모악),63635,,,제주특별자치도 서귀포시 성산읍 삼달로 137 ,33.37240806,126.8542667942,"갤러리두모악에는 제주를 매우 사랑하여 두모악에 잠든 김영갑의 20여 년간의 작품들이 전시되어 있다. 제주를 사랑하고 모든 열정과 영혼을 담아 제주를 담고자 했던 김영갑의 생애가 담긴 곳이다.
내부 전시관은 두모악관  하날오름관이 있는데 지금은 사라진 제주의 옛 모습과 쉽게 드러나지 않는 속살을 전시된 사진을 통해 볼 수 있다. 용눈이 오름  눈·비·안개 그리고 바람 환상곡  구름이 내게 가져다준 행복  지평선 너머의 꿈  바람  숲속의 사랑  오름  마라도라는 작품 등이 있다.
유품전시실에는 김영갑의 유품들이 전시되어 있는데 평소 그가 보던 책  카메라 등이 전시되어 있고 영상실에서는 왕성한 활동을 하던 젊은 시절의 그와 루게릭병으로 투병하던 사진과 영상을 만나볼 수 있다. 또한 야외 정원과 무인 찻집은 미술관을 찾는 이들이 휴식과 명상의 공간으로 만들어져 있다. 갤러리 홍보와 지역민들에게 문화를 쉽게 접할 수 있도록 야외 공연장에서 음악회도 개최하고 있다. 두모악은 한라산의 옛 이름이다.",,,,"- 봄(3~6월) / 가을(9~10월): 09:30~18:00<br>
- 여름(7~8월) : 09:30~18:30<br>
- 겨울(11~2월) : 09:30~17:00<br>
※ 관람시간 30분전 입장 마감","매주 일요일 월요일, 1월 1일, 추석.설날 당일","- 어른 : 5,000원 <br>- 어린이 / 경로 / 청소년 / 국가유공자 / 제주도민 /장애인 : 3,000원",,1시간 이내,가능 (승용차기준 20여대),무료,없음,,가능,
130745,제주통일관,63271,,,제주특별자치도 제주시 신산로9길 4 ,33.5078851801,126.5344914488,제주시 탐라자유회관 내에 소재해 있는 제주 통일관은 1993년에 개관되어 지상 2층  지하 1층 건물로 건립되었다. 남북 교류 협력 시대에 대비하여 오늘의 북한 실상을 올바로 이해시키고  민족 동질성 회복을 위한 실증적인 『통일교육장』으로 활용하기 위하여 설치하였다.,,,,"하절기(3~10월) 10:00~17:00 <br />
동절기(11~2월) 10:00~16:00","매주 일요일, 명절연휴",무료,,,가능,무료,없음,,없음,"소장품현황:북한 특수자료  북한물품
"
130853,건강과 성 박물관(제주),63531,,,제주특별자치도 서귀포시 안덕면 일주서로 1611 ,33.2549657152,126.3459024043,"음지에 있는 성 인식을 양지로 끌어내고  행위 위주의 국한 된 성이 아닌 성에 대한 문화  교육  예술 그리고 세대별 고민을 함께 나누고  성에 대한 의식의 변화를 추구하고자 건강과 성 박물관은 설립되었다. 건강과 성 박물관은 전 세계 각지에서 성과 관련된 유물과 예술품 5 000여 점을 수집해 박물관을 꾸몄고 가벼운 성인 잡지에서 성과 관련된 전문 도서 등도 살펴볼 수 있다. 다양한 자료를 통해 성에 대해 학습할 수 있는 성인들만의 공간으로 성인만 입장 가능하다. 
건강과 성 박물관은 행위에 초점을 두지 않고 성과 삶을 조명하는 다양한 유물과 예술품을 전시하여 성이란 무엇인가 하는 근본적인 내용에 다가가고자 한다.",,"건축연면적 6,422.74㎡(지상3층, 지하1층)  건축면적 3,507.22㎡",250명,"02월~11월 09:0019:00<br>
12월~01월 09:00~18:00<br>
※ 마감 1시간 전까지 입장 가능",연중무휴,"[개인]<br>- 성인 15,000원<br>- 군인, 노인, 도민 13,000원<br>- 장애인 11,000원<br><br>[단체(20인 이상)]<br>- 성인 13,000원<br>- 군인, 노인, 도민 12,000원<br>- 장애인 10,000원<br>※ 할인은 당사자 본인만 가능<br>※ 할인 대상자는 신분증 및 장애인 복지카드 제시",,약 1시간,가능,무료,가능,,가능,"소장품현황:성과관련된 유물 / 예술품 : 5 000여 점		
"
130856,제주돌마을공원,63016,,,제주특별자치도 제주시 한림읍 금능남로 421 (한림읍),33.353778349,126.253752654,제주돌마을공원 수석전시관은 30여 년 동안 수집해 온 제주의 수석  자연석  화산석 등을 전시해 놓은 곳이다. 자연석으로만 꾸며져 있으며 제주의 신비한 자연석을 각기 다른 테마로 구성해 전시했다. 화산 폭발과 용암의 흐름 등으로 각양각색으로 만들어진 자연석들이 있으며 전시관은 암반을 따라 테마별 수석 코너를 관람하도록 조성했다. 수석의 개수는 총 5 000여 점으로 코너별 테마는 동물 형상석  제주도 생성 비밀을 간직한 화산탄  자연물이나 생명체를 닮은 경석  사람 얼굴을 빼닮은 두상석 등이 있고 캐릭터를 설정해 인간의 사랑과 일생을 형상석에 대입해 보여주는 코너가 있어 재미를 더한다. 368개 수석으로 오름을 형상화한 제주도 테마 코너도 볼거리가 많다.,,,,"[하절기] 09:00~18:00<br>
[동절기] 09:00~17:00",연중무휴,"- 일반 7,000원<br>- 청소년, 어린이 3,000원",,,가능,무료,없음,,가능,
130857,제주해녀박물관,63362,,,제주특별자치도 제주시 구좌읍 해녀박물관길 26 ,33.5235831721,126.8634514136,제주도에 위치한 해녀박물관은 제주의 상징인 해녀를 주제로 그들의 생활풍습  무속신앙  세시풍속  해녀공동체뿐만 아니라 제주민의 역사  생업  경제  해양  연희 등 제주의 전통문화를 총망라하여 전시하고 있다. 박물관 안팎의 전시물들은 모두 해녀들이 기부한 것이며  전시관 안에는 실제 해녀의 집도 기부 받아 옮겨와 있다. 해녀박물관 앞의 정원은 해녀 항일 운동이자 국내 최대 규모의 여성 항일 운동 시위에 참여한 해녀들의 집결지였다. 그곳에는 해녀 항일 운동 정신을 기리고자 제주해녀항일운동비가 세워져 있어 제주 여성의 삶에 대한 강인한 의지를 느낄 수 있다.,,,,09:00~18:00 (입장 마감 17:30),"매주 월요일 (단, 월요일이 공휴일인 경우 그 다음 첫 번째 비공휴일)  / 1월 1일 / 설·추석 연휴","[개인]<br>- 어른 1,100원<br>- 청소년 500원<br>[단체(10인 이상)]<br>- 어른 800원<br>- 청소년 300원<br>※ 자세한 사항은 홈페이지 참조",,,가능,무료,없음,,가능,"예약안내:단체 관람시 사전 예약
"
130872,제주국제평화센터,63546,,,제주특별자치도 서귀포시 중문관광로 227-24 (중문동),33.2443708606,126.4220626997,2005년 제주특별자치도가 대한민국 정부로부터 세계평화의 섬으로 공식 지정되면서 상징시설인 제주국제평화센터를 서귀포시 중문관광단지 내에 건립하였다. 제주국제평화센터는 지상 2층  지하 1층 건물에 4개의 전시실과 세미나실  정보 자료실  기념품 매장  카페테리아 등의 부대 시설을 갖추고 있다. 현재는 평화 이미지 구축 및 실현을 위한 홍보  전시 교육  체험학습의 장으로서 역할을 수행해 나가고 있다.,,"부지 8,434평, 연건평 2,155평(지하1층, 지상2층)",,"하절기(3~10월) 09:00~18:00<br>
동절기(11~2월) 09:00~17:00","매월 둘째 주, 넷째 주 월요일 / 1월 1일 / 설날 및 추석 전·당일","[개인] 성인 1,500원 / 청소년·군인 1,000원<br>[단체] 성인 1,000원 / 청소년·군인 500원<br>[무료] 제주도민 / 경로 / 장애인<br>※ 자세한 사항은 홈페이지 참조",,,있음(40대),무료,가능,,없음,"체험프로그램:평화북콘서트 / 방학독후활동
소장품현황:지영호뮤턴트 / 클라라청·청영·새미리작품 / 한국 독립운동가와 각국 정상들의 밀랍인형 등
예약안내:전화 예약 064-735-6550
한국어 안내서비스:가능
외국어 안내서비스:영어 / 일본어 / 중국어
"
130877,제주국제컨벤션센터,63547,,,제주특별자치도 서귀포시 중문관광로 224 (중문동),33.2412740186,126.4244958917,"제주국제컨벤션센터는 서귀포시에 있는 종합 전시장이다. 2003년 3월 22일 개장하였으며  한아세안 특별정상회의를 개최했다. 영문약칭인 [ICC JEJU]로도 불린다. 이곳은 16 600여 평의 대지에 자리 잡고 있으며 3 500명(최대 4 300명)을 수용할 수 있는 국제회의장과 회의실  전시실 및 기타 관련 부대시설을 완비한 국제회의 전문시설이기도 하다.
제주도와 도서 섬들을 형상화한 빼어난 외관이 주변 자연과 아름다운 조화를 이루고 있다. 제주국제컨벤션센터는 뒤로는 한라산이  앞에는 푸르게 펼쳐진 태평양이 있다. 
2023년 9월 제2전시장을 착공하여 2025년 개장할 예정이고  전시장 바로 앞에 버스 정류장이 있어 교통도 편리하다.",,"대지면적 54,876㎡ / 연면적 62,125㎡<br />
건축규모 : 지상 7층<br />
높이 : 34.94m","3,500명(최대 4,300명)",,연중무휴,,,,가능,,없음,,없음,"외국어 안내서비스:가능(영 / 중 / 일)
대관안내:제주본사(064-735-1021~23)<br>
서울본사(02-775-1091~3)
예약안내:064-735-1000 
한국어 안내서비스:가능(3층)
"
1544730,제주돌문화공원,63345,,,제주특별자치도 제주시 조천읍 남조로 2023 ,33.4513683869,126.6567710025,"제주돌문화공원은 돌의 고장 제주에 있는 돌문화를 종합적이고 체계적으로 보여주는 박물관이자 생태공원이다. 2020년까지 전체공원이 조성되며  제1단계로 제주 돌 박물관  제주 돌문화 전시관  제주의 전통 초가 등의 전시관이 완공되어 공사가 시작된 지 7년 만인 2006년 6월 3일 문을 열었다. 제주돌문화공원은 제주만의 독특한 자연유산인 오름 앞에 자리 잡고 있으며  제주의 돌문화를 한곳에서 볼 수 있는 곳이다. 각종 돌 조형물들과 거석 사이를 통과하여 숲 속 오솔길을 따라가다 보면 박물관과 제주의 전통 초가들을 볼 수 있다. 야외 전시장에는 48기의 돌하르방  사악한 기운과 액운을 몰아낸다는 방사탑  도둑이 없어 대문도 없다는 제주의 상징인 정주석  무덤 주위에 세워 망자의 한을 달래준다는 제주만의 내세관을 보여주는 동자석 등을 볼 수 있다. 제주의 역사와 전통 자연미를 함께 느낄 수 있는 자연과 문화의 쉼터이다.  

◎ 한류의 매력을 만나는 여행 정보 - 영화 <마녀2>
마녀 프로젝트를 진행하는 비밀연구소 아크의 배경이 된 장소는 돌문화공원 내에 있다. 공원 부지 100만 평 중 70%는 돌  나무  덩굴이 어우러진 곶자왈로 제주의 정체성과 예술성을 잘 담아낸 곳이다.",,"부지면적 969,731㎡(293,858평)",,09:00~18:00 (매표 마감 17:00),매주 월요일 / 1월 1일 / 설·추석 당일,"[개인]<br>- 어른 5,000원<br>- 청소년, 군경 3,500원<br />[단체]<br>- 어른 4,000원<br>- 청소년, 군경 2,800원",인터넷 등 온라인 구매시 할인적용,코스별로 각 50분씩 총 2시간 30분 정도 소요,가능 (무료),무료,없음,,가능,"체험프로그램:
예약안내:전화 예약가능 
한국어 안내서비스:* 해설신청 (최소 1일전 사전신청)<br />
* 디지털 가이드(음성안내기) <br />
- 사용료 : 무료
"
1556005,그리스신화박물관,63021,,,제주특별자치도 제주시 한림읍 광산로 942 ,33.3481028325,126.357665972,그리스신화박물관은 아름다운 섬 제주도에서 그리스 신화와 관련된 명화와 대리석을 눈으로 보고 손으로 만져볼 수 있는 체험형 박물관이다. 박물관은 루브르와 바티칸 박물관의 명화와 대리석 조각상 재현 작품을 전시한 공간과 관람객 모두 그리스인으로 변신하는 그리스 마을로 구성되어 있다. 창조관  올림포스관  신탁관  영웅관  휴먼관  사랑관  그리스 마을에서 기존 유물 중심의 수동적인 관람 방식에서 벗어나 전시물과 관람객이 교감할 수 있도록 다양한 체험형 전시를 제공한다. 대표 체험으로는 그리스의상 체험  아테네시민권 발급체험  올림포스 12신 가면 만들기 체험 등이 있다.,,,,09:00~18:00 (입장 마감 17:00),매월 넷째 월요일,"[개인]<br>- 성인 9,000원<br>- 소인 8,000원<br>- 경로 7,000원<br>[단체(30인 이상)]<br>- 성인 8,000원<br>- 소인 6,000원",,,가능,무료,없음,,가능,"체험프로그램:아테네시민권만들기 / 월계관 또는 가면 만들기 / 아트토이체험 등
"
1737497,초콜릿랜드,63535,,,제주특별자치도 서귀포시 중문관광로110번길 15 ,33.24976735,126.4133188934,중문관광단지에 있는 제주 초콜릿랜드는 초콜릿을 테마로 다양한 재미를 선보인다. 전 세계 다양한 형태의 초콜릿 작품들과 세계 최초 초콜릿 그림  각국을 구분하여 전시해 놓은 세계 초콜릿 전시장  어린이를 위한 포토존  초콜릿 만들기 체험장  전망대가 있다. 초콜릿 만들기 체험은 재료와 도구가 준비되어 있어 손쉽게 만들며 맛과 재미를 느낄 수 있다. 직접 만든 초콜릿을 포장해 소중한 사람에게 선물하기도 좋다. 이 밖에 마카롱 만들기  초코크러스트 피자 만들기 체험 등이 있다. 연인과 가족  아이들과 함께 달콤한 시간을 만들고 싶은 사람들이 즐겨 찾는 곳이다. 중문관광단지 내의 다른 전시관들과 같이 둘러보기 좋다.,,,,09:00~18:00 (입장 마감 17:30),,,,,,,없음,,가능,"화장실:있음
입 장 료:- 성인 3 000원<br>
- 청소년 2 000원<br>
- 어린이 1 000원
이용가능시설:초콜릿전시관 / 초콜릿갤러리 / 초콜릿체험장 등
"
1755806,제주아트센터,63147,,,제주특별자치도 제주시 오남로 231 제주아트센터 ,33.4751107281,126.5155327293,2010년 5월에 개관한 제주아트센터는 총 1 184석의 객석과 첨단 시설을 갖춘 다목적 공연장이다. 오케스트라 피트가 준비되어 있어 정통 클래식 공연에 오케스트라와 협연을 통한 최고의 공연을 보여줄 수 있으며 최신 음향  조명  무대 시스템을 갖추고 있어 뮤지컬  연극  무용 등 다양한 장르의 공연을 소화할 수 있다. 관람에 최적인 경사로를 선택하여 어느 좌석에서 앉아도 동일하고 쾌적한 음이 전달되는 최고의 관람 환경을 제공한다.,,"부지면적 : 30,355㎡, 건축연면적 : 9,448㎡(지상3, 지하2층)<br />
무대면적 : 1,105㎡(주 330㎡, 좌 305㎡, 우 327㎡, 후 143㎡)","공연장 1,184석",공연에 따라 다름 (홈페이지 참조),설·추석,공연에 따라 다름 (홈페이지 참조),공연에 따라 다름 (홈페이지 참조),,가능,,불가,,가능,"사업내용:
예약안내:인터넷예매 전화예매 방문예매 현장예매 
대관안내:
"
1769266,제주 세계자연유산센터,63341,,,제주특별자치도 제주시 조천읍 선교로 569-36 ,33.4569159249,126.7147325126,제주도 전체 면적의 약 10% 정도에 해당하는 지역인 한라산 천연보호구역  거문오름 용암돌굴계  성산일출봉은 2007년 우리나라 최초로 [제주 화산섬과 용암동굴]이라는 이름으로 세계자연유산에 등재되었다. 거문오름에 위치한 제주세계자연유산센터는 유네스코 세계자연유산으로서 제주의 가치를 관리하고 보전하기 위한 시설로  화산 활동을 통해 생성된 제주  용암동굴  한라산의 다양한 식생  용암동굴  미래의 자연유산 등 제주 자연의 숨결을 느끼고 경험해 볼 수 있다. 이곳의 주요 시설은 상설전시실  기획전시실  4D영상관  VR체험존이 있고 그 이외에도 전망대  세미나실  국제홍보관  여행안내소 등이 있다. 센터에서 거문오름을 탐방할 수 있는 통로가 곧바로 연결되어 있어 이용자의 편의를 돕는다. 거문오름 탐방은 미리 예약을 하여야 하며 09:00~13:00 사이에 30분 간격으로 센터에서 출발한다.,,"규모 : 지하1층, 지상1층, 건축면적 6,707㎡, 연면적 7,335㎡<br />
총 전시면적 3,385㎡",4D 영상관 - 80명 (1회당 수용인원),09:00~17:50 (매표마감 17:20),"매월 첫번째 화요일, 설·추석 당일","- 개인 어른 3,000원<br>- 개인 청소년·군인 2,000원<br>- 개인 어린이 2,000원<br>- 단체 어른 2,400원<br>- 단체 청소년·군인 1,600원<br>- 단체 어린이 1,600원<br>※ 단체 : 10명 이상<br> ※ 경로인, 장애인, 도민 무료","[관람료 면제자]<br>
- 국빈 · 외교사절단 및 그 수행자 · 공무수행자<br>
- 6세 이하, 65세 이상인 자<br>
- 국가기초생활수급자, 장애인, 4·3 희생자 및 그 유족<br>
- 국가, 독립, 5·18 민주유공자 및 그 유족, 참전 유공자<br>
- 제주특별자치도민, 재외도민증 소지자<br>
- 제주특별자치도 명예도민과 그 배우자 및 직계존비속<br>
- 학술연구를 목적으로 출입하는 자",,"가능(약 소형 100대, 대형 25대)",무료,없음,,가능,"체험프로그램:[거문오름 탐방]<br>
- 09:00~13:00 (30분 간격 출발)<br>
- 매주 화요일  설·추석 당일  기상 악화 시 전면통제<br>
- 선착순 예약 (전화 및 인터넷 예약)<br>
※ 자세한 사항은 전화문의 요망 (064-710-8980~1)
대관안내:[대관시설] 세미나실  기획전시실<br />
(사용승인 신청서는 사용예정일 3일전까지 도지사에게 제출되어야 함)
예약안내:홈페이지 / 064-710-8980~1
"
1798082,본태박물관,63525,,,제주특별자치도 서귀포시 안덕면 산록남로762번길 69 (안덕면),33.303341652,126.3919251089,본태박물관은 ‘본래의 모습’이라는 의미를 담고 있다. 이름의 뜻 그대로 오랜 세월의 흔적에 가려져 있던 문화 본연의 모습을 탐색하는 아름다운 문화 공간이 되고자 설립되었다. 건축계의 노벨상인 프리츠커상을 수상한 건축가 안도 다다오가 설계한 본태박물관은 그의 트레이드마크인 노출콘크리트에 빛과 물을 건축 요소로 끌어들여 건축과 주변과의 조화를 고려하는 안도 다다오의 건축 철학이 담겨 있다. ‘제주도 대지에 순응하는 전통과 현대’를 컨셉으로 설계를 진행하였으며  박물관을 두 개의 공간으로 나누어 전통공예품과 현대 미술품을 위한 전시 공간으로 구성했다. 또한  본태박물관은 아름다운 우리의 전통 공예품과 피카소  쿠사마 야요이  백남준  로버트 인디애나 등 세계적인 작가들의 현대 미술품을 통해 새로운 미래가치를 탐색하고자 하며  전시뿐 아니라 자선사업  교육  세미나  강연 등 다양한 활동을 펼치고 있는 복합문화공간이다. 사람과 사람  자연과 건축  전통과 현대  세계와 한국이 서로 만나 아름다움으로 한국문화 정체성을 정립하고 세계인의 감성을 움직여  보다 윤택하고 풍요로운 우리의 미래를 가꾸어 보고자 한다.,,,,10:00~18:00 (입장 마감 17:00),연중무휴,"[상설전시]<br>- 성인 30,000원<br>- 청소년 20,000원<br>- 어린이 10,000원<br>※ 자세한 사항은 홈페이지 참조",,,가능,무료,가능,,가능,
1883815,박물관은 살아있다(제주중문점),63535,,,제주특별자치도 서귀포시 중문관광로 42 ,33.2546667452,126.4092858005,여러 가지 테마로 구성된 체험형 아트 뮤지엄으로  다양한 방식으로 참여하고 사진을 찍으며 즐기는 테마파크이자 미술관이다. 이상한 백작의 집  블랙원더랜드등 다양한 테마로 구성되어 있어 인생 사진을 남길 수 있다. 그리고 착시테마공간이 있는데 이곳은 평면과 입체 섞인 오브제아트에 재미있는 포즈로 작품을 완성시키는 참여형 공간이다. 이번에 새롭게 선보이는 블랙원더랜드 에피소드 2 전시는 남녀노소 연령에 상관없이 즐길 수 있다.,,,,10:00~19:00 (발권마감 17:30 / 입장마감 18:00),연중무휴,"[개인]<br>- 성인 14,000원<br>- 청소년, 군경 13,000원<br>- 어린이 12,000원<br>- 경로, 장애인, 국가유공자 12,000원<br>[단체(20인 이상)]<br>- 성인 9,000원<br>- 청소년, 군경 8,000원<br>- 어린이 7,500원<br>- 경로, 장애인, 국가유공자 7,500원<br>※ 단체예약은 전화 문의",,,"가능 (승용차 약 100대, 대형버스 약 20대)<br>요금 (무료)",,없음,,가능,"예약안내:단체(20명 이상) 방문시 사전 예약 064-805-0984
"
1893901,캐릭파크,63341,,,제주특별자치도 제주시 조천읍 선교로 264 ,33.4795798579,126.7005665574,국내 270여 개의 한국 캐릭터협회 회원사와 함께하여 다양한 캐릭터들을 직접 만져봄은 물론 함께 사진도 찍을 수 있으며  로봇을 직접 조종하는 체험과 인체체험관 미끄럼틀  증강현실 애니메이션 체험 등을 통해 아이들이 한정된 공간에서 책을 펼쳐놓고 외우는 학습이 아닌 부모와 아이가 함께 놀면서 배움을 습득할 수 있는 곳이다. 또한  제주도 전통 재래식 화장실 ‘돗통시’ 포토존과 제주도의 해녀를 캐릭터로 만든 ‘몽니’ 포토존  그리고 제주도의 조랑말을 캐릭터로 만들어낸 ‘따꾸’가 알려주는 쉽고 재밌는 제주도 사투리 만화 등을 통해 제주를 조금 더 가깝고 친근하게 느낄 수 있다.<br>,,,,10:00~18:00 (입장마감 17:00),연중무휴,"대,소인 : 11,000원<br />도민 : 8,000원<br />장애인,경로,유공자,군경 : 6,000원<br />36개월 미만 : 무료",,,가능,무료,없음,,가능,
1911160,헬로키티아일랜드,63526,,,제주특별자치도 서귀포시 안덕면 한창로 340 ,33.2900841569,126.3521344149,"헬로키티아일랜드는 전 세계적으로 사랑받는 캐릭터 헬로키티의 40년 역사와 이야기를 만날 수 있는 테마 박물관으로 제주 서귀포시 안덕면에 위치해 있다.
헬로키티의 역사와 행복한 이야기들이 담긴 전시관과 3D 영상관  기획작품 갤러리가 메인이다. 2층에는 향긋한 커피와 키티가 그려진 달콤한 디저트를 맛볼 수 있는 헬로키티카페를 운영 중이다. 어린이뿐만 아니라 어른들도 창의적인 경험을 통해 예술적 감술성을 일깨울 수 있도록 전시를 구성했으며  관람 후에는 브랜드숍에서 아기자기한 헬로키티 상품을 구매할 수 있다.
차로 10분 거리에 세계자동차&피아노박물관  피규어뮤지엄 제주 등 다양한 볼거리가 있다.",,3층,,09:00~18:00 (매표마감:17:00),연중무휴,"[일반]<br/>- 성인 16,000원<br/>- 청소년(중/고등학생) 15,000원<br/>- 어린이(만 24개월이상~초등학생) 13,000원<br/>※ 단체 2,000원 할인","23개월 이하 유아는 무료, 제주도민, 경로자, 국가유공자, 장애인 4000원 할인<br>
※할인요금 적용 범위<br>
1. 경로우대 할인: 만 65세 이상, 신분증 지참<br>
2. 제주특별자치도민, 국가유공자, 장애인: 신분증 및 증명서 지참<br>
3. 유아(23개월 이하): 의료보험증 혹은 증명서 지참",,가능,,없음,,가능,"체험프로그램:[1층]<br>
헬로키티 메모리 앨범 / 헬로키티 메모리 룸 / 산리오캐릭터즈 타운<br>
[2층]<br>
산리오캐릭터즈 테마파크 / 헬로키티 매직 캔버스 / 원더풀 그라운드<br>
[3층]<br>
펀펀 플레이 아케이드 / 헬로키티 분수
예약안내:네이버 스토아 등 티켓링크 예매가능
"
1937744,소심한 책방,63364,,070-8147-0848,제주특별자치도 제주시 구좌읍 종달동길 29-6 (구좌읍),33.4915262468,126.9030931604,제주 동쪽 끝마을 종달리에 위치한 작은 서점이다. 이곳은 아늑하고 조용한 분위기 속에서 책을 고르고 읽을 수 있는 공간을 제공하며  다양한 장르의 책들을 만날 수 있다. 소심한책방은 여행서적부터 문학  예술서적까지 폭넓은 선택지를 제공하며  책을 사랑하는 이들에게 특별한 경험을 선사한다. 제주에서 책과 여유를 즐기고 싶은 이들에게 추천하는 장소이다.,,,,10:00~18:00,유동적 휴무 (홈페이지 및 전화문의 요망),,,,가능,,,,,":
:
"
1939078,조천읍도서관,63333,,,제주특별자치도 제주시 조천읍 일주동로 1189 ,33.5377090094,126.6676791949,조천읍도서관은 다양한 자료를 수집  제공함으로써 도민의 독서생활화에 기여하고 있는 공공도서관이다. 1999년에 개관하였으며  현재는 제주시 문화관광체육국 산하 우당도서관에서 관리하고 있다. 다양한 계층별 독서문화프로그램을 통해 도민들의 평생교육 실현에 앞장서고 있는 문화·소통의 복합공간을 위해 힘쓰고 있다. 지하 1층  지상 2층 규모로  총 250석의 좌석을 갖춘 열람실과 서예실  정보이용실  다목적강당  어린이자료실 등이 있다. 어린이자료실은 아이들이 자유롭게 앉고 기대거나 누워서 볼 수 있는 편안한 공간으로 마련되어 있다. 영유아를 위한 온돌방 형태의 공간도 갖추고 있어 부모와 자녀가 함께 책을 즐길 수 있다.,,"지하1층, 지상2층 <br>
대지 9,336㎡ / 건물 1,231㎡",좌석수 250석 (열람석 160석),"[자료실] 평일 08:00~22:00 주말, 공휴일 09:00 ~ 18:00<br />
[열람실] 08:00 ~ 22:00<br />
[정보이용실] 09:00 ~ 18:00","금요일 / 설, 추석 / 대체공휴일 / 12월 31일 / 1월 1일",,,,"있음(소형 20대, 대형 5대 가능)",무료,없음,,없음,"체험프로그램:독서문화프로그램
소장품현황:철학  종교  사회과학  순수과학  기술과학  예술  언어  문학  역사 등
예약안내:체험 프로그램 전화 문의
"
1939093,삼매봉도서관,63594,,,제주특별자치도 서귀포시 남성중로153번길 15 (서홍동),33.2447978549,126.5512403807,"삼매봉도서관은 제주특별자치도에 있는 15개의 공공도서관 중 한 곳으로 서귀포시 서홍동 기당미술관 옆에 있다. 다양한 자료를 수집 및 제공함으로써 도민의 독서 생활화에 기여하고 있으며  다양한 계층별 독서 문화프로그램을 통해 도민들의 평생교육 실현에 앞장서고 있는 문화 소통의 복합공간이다. 천장에는 외부를 그대로 보여주고 있어 바깥 풍경을 볼 수 있으며  실내에 식물들이 식재되어 있어 편안한 느낌을 준다. 
이곳은 제주 올레길 중 가장 인기가 많은 제주 올레 7코스에 포함되어 있어  오름도 오르고 독서도 하며 휴식을 취하고 싶다면 삼매봉도서관이 제격이다.",,"부지 13,189㎡ / 연건평 1,624㎡",좌석수 211석,"- 종합자료실 / 아동열람실 : 주중 09:00~22:00 / 주말 09:00~18:00<br>
- 정보이용실 : 주중 09:00~22:00 / 주말 09:00~18:00<br>
- 열람실 : 08:00~23:00",금요일 / 설날 연휴 / 추석 연휴 / 대체공휴일 / 12월 31일 / 1월 1일,,,,가능,,없음,,없음,"소장품현황:장서 103 514 / 비도서 4 931 / 도서 142 455권 보유		

체험프로그램:독서 / 문화 : 종이접기 / 초등학생 그림책테라피 / 성인 그림책테라피

예약안내:전화 예약 064-733-1524

"
2031663,김만덕기념관,63278,,,제주특별자치도 제주시 산지로 7 ,33.515906449,126.5304138429,"김만덕기념관은 나눔과 베풂을 몸소 실천하시어 이 땅의 대표적 의인의 표상이 되신 김만덕의 삶과 그 정신을 기리고 본받아 널리 전파하기 위한 곳이다. 김만덕의 근검절약정신  나눔정신  개척·개혁·개방정신  도전정신 그리고 김만덕의 리더십과 경영철학을 배워서 나눔을 체험하고 실천하는 대한민국 최초의 나눔문화전시관이기도 하다.

(출처 : 김만덕기념관 홈페이지)",,,,09:00~18:00,"매주 월요일 / 1월 1일 / 설·추석 당일<br>(단, 월요일이 공휴일일 경우 익일 휴무)",무료,,약 1시간,가능,무료,없음,,가능,"체험프로그램:
외국어 안내서비스:오디오가이드(한국어  영어  중국어  일본어  제주어)
한국어 안내서비스:10:00 / 11:00 / 13:00 / 14:00 / 15:00 / 16:00
"
2406460,제주 추사관,63517,,,제주특별자치도 서귀포시 대정읍 추사로 44 ,33.2498068953,126.2785639201,제주추사관은 조선후기 대학자이자 예술가인 추사 김정희 선생의 삶과 학문 예술세계를 기리기 위해 지난 2010년 12월 건립되었다. 제주추사관의 전신은 1984년 지주지역 예술인들과 제주사 연구자들의 노력으로 건립된 추사유물전 시관이다. 그러나 전시관이 낡은 데다  2007년 10월 추사유배지가 국가지정문화재로 승격되면서 그 격에 걸맞게 재건립되어야 한다는 여론에 따라 새롭게 제주추사관을 완공하였다. 제주추사관은 추사기념홀을 비롯해 3개의 전시실과 교육실  수장고 등의 시설을 갖추고 있으며  부국문화재단  추사동호회 등에서 기증해 주신 ‘예산김정희종가유물일괄’  추사 현판 글씨  추사 편지 글씨  추사 지인의 편지 글씨 등을 전시하고 있다.,,"부지면적 1,618㎡, 건축연면적 1,193.9㎡",,09:00~18:00 (입장 마감 17:30),매주 월요일 / 1월 1일 / 설·추석,무료,,,가능,무료,없음,,없음,"예약안내:
"
2606211,피규어뮤지엄 제주,63526,,,제주특별자치도 서귀포시 안덕면 한창로 243 ,33.281971215,126.3553982011,키덜트 문화를 한데 모아 전시한 피규어뮤지엄 제주로 초대한다. 눈을 뗄 수 없는 환상적인 피규어들이 가득한 피규어뮤지엄 제주에서는 액션피규어  무비 스테츄  실물크기 영화 캐릭터들의 대형 피규어들과 업사이클링 힐링아트 작품들은 물론 희귀하고 정교한 고퀄리티의 다양한 피규어들도 감상할 수 있다. 전 세대가 공감할 수 있는 영화  게임  애니메이션에 등장하는 친근한 피규어들이 가득하다. 특히  제주도의 지리적 위치와 특성상 접하기 힘들었던 최고의 캐릭터 산업 키워드인 피규어를 제주도민과 국내외 관광객이 즐길 수 있게 함으로써 제주도의 대표적인 문화공간으로 주목받는다.<br>,,,,10:00~18:00 (입장마감 17:30),연중무휴,"성인(만18~만64세)-개인12,000원/단체10,000원<br />청소년(만12~만17)-개인10,000원/단체8,000원<br />어린이(만2세~만11세)-개인9,000원/단체7,000원<br />경로우대(만65세이상),유공자,장애인(장애3급부터)-신분증 제시 후 개인9,000원,단체7,000원<br>※단체 20인 이상",,,"소형70대,대형2대",무료,없음,,없음,"예약안내:현장 구매 즉시 이용가능

"
2606611,자연사랑미술관,63623,,,제주특별자치도 서귀포시 표선면 가시로613번길 46 ,33.3556696951,126.771952084,서귀포시에 위치한 사진갤러리이다. 폐교된 가시초등학교를 활용해 90평 규모의 넓은 전시 공간을 가진 것이 특징이다. 제주는 천혜의 자연경관으로 이루어진 화산섬으로  섬 곳곳에 독특한 경관과 문화가 서려 있다. 이런 제주의 자연과 민속을 담은 사진가 서재철의 작품을 한눈에 볼 수 있도록 전시했다. 자연사랑미술관은 가시초등학교의 옛 모습을 담은 사진 전시실  사진과 책을 판매하는 공간과 쉼터로 구성되어 있다. 땅 할아버지라는 의미의 따라비전시장에서는 제주오름(기생화산)의 다양한 모습을 만날 수 있고  바람이 머무는 곳이라는 뜻의 바람자리전시장에서는 한라산과 바다를 통해 제주의 비경과 사계절을 느낄 수 있다. 그 외에 화산탄을 전시한 야외 화산탄 갤러리가 있다.,,,,10:00~17:00,,"성인 3,000원 / 초,중,고 1,000원 / 도민 2,000원",,,,,없음,,없음,
2606690,왈종미술관,63597,,,제주특별자치도 서귀포시 칠십리로214번길 30 (동홍동),33.2453287076,126.5736773135,왈종미술관은 제주도 서귀포시 정방폭포 입구에 자리한 사립 미술관이다. 이곳은 평생 동안 제주의 풍요로움과 아름다움을 화폭에 담아 온 이왈종 화백이 자신의 이름을 걸고 개관한 곳이다. 전체 넓이 300평(약 992㎡) 규모의 3층 건물로  조선백자의 찻잔을 조형화한 모습이 파란 하늘과 짙푸른 바다를 배경으로 멋진 한 폭의 그림을 그려내는 것 같다. 미술관 1층은 어린이 미술교육실과 수장고  도예실로 이루어졌고  2층에 마련된 전시실에는 이 화백의 회화와 도예 작품 90여 점이 전시되어 있다. 3층은 이 화백의 작업공간으로 꾸며졌으며  커피숍을 겸한 아트숍이 미술관 옆에 자리하고 있어 그림과 휴식을 함께 즐기는 복합 문화공간으로 이용할 수 있다.<br>,,,,"미술관 10:00~18:00 (17:30 까지 입장 가능)<br />
아트샵 11:00~18:00",매주 월요일,"* 개인 : 성인 10,000원, 청소년/어린이 6,000원<br />+ 단체 : 성인 6,000원, 청소년/어린이 6,000원 (단체는 15인 이상)<br />* 특별할인 : 경로(65세 이상) 6,000원, 군인 6,000원<br />* 제주도민 : 성인 6,000원, 청소년/어린이 6,000원(신분증 제시자에 한함)<br />* 무료관람 : 7세이하, 장애인, 국가공유(신분증 제시자에 한함)",,,,,없음,,없음,
2636613,버디프렌즈 플래닛,63535,,,제주특별자치도 서귀포시 천제연로 70 (색달동) ,19.69442748,117.9925662504,"1981년 제주도 중문관광단지에 전력을 공급하기 위해 세워진 변전소가 있었다. 한동안 그 쓰임이 없이 방치되었던 이 건물을 2019년 버디프렌즈 캐릭터와 함께 생태문화전시관으로 재탄생하였다. 생태문화전시관 버디프렌즈 플래닛은 건물이 가진 역사성을 보존하고자 변전소 본래의 독특한 외관 모습은 그대로 유지하였다.
버디프렌즈 캐릭터는 제주에서 살고 있는 다섯 마리의 멸종위기종 새를 모티브로 만들어진 캐릭터이다. 제주의 신비로운 숲 속에서 함께 모험하고 성장하며  우리에게 다양한 숲 속 이야기를 들려준다.
버디프렌즈 플래닛은 신비롭고 소중한 제주도의 자연을 새롭게 발견할 수 있도록 남녀노소 누구나 즐길 수 있는 다양한 전시와 교육 콘텐츠가 준비된 공간이다. 제주의 숲을 주제로 한 버디프렌즈 캐릭터 전시관과 지구와 자연을 주제로 한 생물다양성 전시관이 상설 운영 되며  지하 1층 아카데미에서는 생태·과학·예술 관련 교육 프로그램을 연중 운영하고 있다. 제주도의 숲에서 태어난 버디프렌즈 친구들과 함께 지금까지 느껴보지 못했던 제주 자연의 소중함과 아름다움을 느껴보자.",,,,[전시장 / 캐릭터샵]<br>09:00 ~ 18:00 (입장마감 17:00),"매주 월요일, 화요일<br>(단, 매주 월요일은 단체 관람 예약제로 운영 / 15명 이상, 당일 예약 불가)","[개인]<br>- 성인 10,000원<br>- 청소년 10,000원<br>- 어린이 14,000원<br>[단체]<br>- 성인 7,000원<br>- 청소년 7,000원<br>- 어린이 9,800원","30% 할인 : 복지, 경로, 유공자, 군인<br>
※ 우대 및 제주도민 할인은 현장구매 시 가능 (증빙자료 확인)",,가능,무료,없음,,없음,"체험프로그램:- 창작아카데미 : 마트료시카 만들기 / 열매 목걸이 만들기 / 소리 나는 딱따구리 만들기 / 버디프렌즈 가면 만들기<br>
- 그린아카데미 : 원데이 클래스 / 전문가 클래스 / 단체 프로그램<br>
- 전시해설 9시부터 17시까지 매시 정각 진행
예약안내:
"
2638440,고흐의정원,63635,,,제주특별자치도 서귀포시 삼달신풍로 126-5 ,33.3734383381,126.8441009842,고흐의 정원은 디지털 기술을 이용  현대적 접근법을 사용해 작품을 재해석하여 살아 숨 쉬는 반 고흐작품을 경험할 수 있는 새로운 성격의 미술 체험 전시를 제작하였다. 이 전시는 반 고흐의 작품이 주인공이 아닌 ‘인간 빈센트 반 고흐’가 주인공인 전시로  그의 작품을 눈으로만 볼 수 있었던 기존의 전시와는 달리 반 고흐의 작품 보고 듣고 만질 수 있는 관객 참여형 체험 전시이다.,,,,08:50~18:30 (입장 마감 17:30),연중무휴,"[개인]<br> - 일반 12,000원<br> - 청소년 10,000원<br> - 어린이 8,000원<br> [단체 (20인 이상)]<br> - 일반 10,000원<br> - 청소년 8,000원<br> - 어린이 6,000원<br> ※ 상세 내용은 홈페이지 참고",,,가능,,,,없음,
2660122,제주라프,63341,,,제주특별자치도 제주시 조천읍 선교로 115-1 ,33.4868513788,126.7069686133,제주시 조천읍에 위치한 제주라프는 거문오름과 녹차밭의 자연 속에서 짚와이어  힐링족욕을 즐기고 문화  예술  야간 조명 작품을 감상할 수 있는 복합문화예술공간이다. 종합 아트 클러스터 제주라프의 라프는 Light Art Festa의 약자로 제주도를 찾는 여행객들에게 특별하고 다채로운 경험을 제공하는 장소다. 예술작품 갤러리  액티비티 시설인 짚라인 라플라이  아로마테라피 풋 스파를 즐길 수 있는 라풋  음료와 스낵을 즐길 수 있는 카페 등의 시설을 운영한다. 짚라인 액티비티 라플라이는 와이어를 타고 빠른 속도로 공중을 이동하는 야외 레포츠이다. 유네스코 자연유산인 거문오름을 한눈에 담으며 날아보는 특별한 경험과 광활한 제주 녹차밭 위를 횡단하는 짜릿한 순간을 선사한다. 라풋은 미온수에 발을 담그고  아로마향과 함께 편안한 몸의 이완을 느끼는 스파이다. 미온수 족욕  녹차소금 스크럽  스트레칭으로 손과 발의 피로를 풀어준다.,,,,"- 라플라이 09:30~18:00<br>
- 라풋 09:00~18:00",연중무휴,"- 라플라이 35,000원<br>- 라풋 12,000원<br>- 라스페셜 47,000원",,,가능,,없음,,없음,
2660802,오설록 티뮤지엄,63521,,,제주특별자치도 서귀포시 안덕면 신화역사로 15 ,33.3061119561,126.2894033948,오설록 티뮤지엄은 아모레퍼시픽이 차문화를 소개하고  널리 보급하고자 2001년 9월에 개관한 국내 최초의 차 박물관이다. 세계적인 디자인 건축 전문사이트인 디자인붐이 선정한 세계 10대 미술관에 오를 만큼 아름다운 경관을 선보이는 티뮤지엄은 연간 180만 명의 관람객이 방문하는 제주 최고 명소이자 문화 공간이다. 오설록 티뮤지엄은 ‘Tea Culture Creator’로서 한국뿐 아니라 동서양의 차문화와 역사를 대중들에게 선보이고자 노력하고 있다.,,,,"하절기 09:00~19:00<br>
동절기 09:00~18:00<br>
※ 기상악화 시 운영시간 변경될 수 있음",연중무휴,"무료 (단, 체험 프로그램 별도)",,,가능 <br>요금 (무료),,없음,,없음,"체험프로그램:[오설록 프리미엄 티코스]<br>
- 가든 투어 : 티뮤지엄 앞뜰 및 차밭 산책<br>
※ 기상악화 시 미디어아트 작품 감상으로 대체<br>
- 추사와 제주 이야기 : 제주를 닮은 소박하고 담백한 차우림<br>
- 화려한 미식의 섬 : 제주 원물을 활용한 티칵테일과 가니시 3종 테이스팅<br>
- 탄소 없는 섬  제주 : 유기농 차 덖음과 포장
예약안내:체험 프로그램 예약 시 홈페이지 참조 요망
"
2661407,제주항공우주박물관,63521,,,제주특별자치도 서귀포시 안덕면 녹차분재로 218 ,33.3043706422,126.2996275451,제주항공 우주 박물관은 최첨단 기술과 멀티미디어를 이용한 다양하고 재미있는 체험 시설과 함께 유익한 교육 프로그램을 운영하며  항공 우주 분야를 향한 우리 미래의 주역들에게 꿈과 희망을 선사하고 있다. 항공 우주의 비전을 제시하고 교육을 위한 체험형 전시공간을 구성하여 항공 우주 과학기술에 대한 이해 제고와 교육의 기회를 제공한다. 항공  공군의 역사는 물론 천문학과 은하계를 돌아보는 아시아 최대 규모의 박물관이다. 39대의 실물 비행기는 아이들에게 인기이고  박물관 2층에서 바라보는 전망이 좋아 여행자에게도 입소문이 나 있다.,,,,09:00~18:00 (매표마감 17:00),매월 셋째주 월요일,"[개인]<br>- 성인 10,000원<br>- 청소년/군경 9,000원<br>- 어린이/경로 8,000원<br>[단체]<br>- 성인 9,000원<br>- 청소년/군경 8,000원<br>- 어린이/경로 7,000원",,약 40~60분,,,없음,,가능,
2713583,김창열미술관,63017,,,제주특별자치도 제주시 용금로 883-5 김창열미술관 ,33.3390996509,126.2686822387,제주도립 김창열미술관은 ‘물방울 화가’로 널리 알려진 김창열 화백의 주옥같은 작품을 만나 볼 수 있으며  현대미술의 발전에 이바지하는 미술작품과 자료를 전시 연구 수집하는 것을 목적을 가지고 있다. 김창열은 미술관 건립을 위해 주요 작품 220점을 기증했다. 홍재승 건축가가 설계한 미술관 하늘에서 보면 중정을 기준으로 거대한 큐브형 건물 8개가 둘러쌓인 모습이다. 이는 김창열이 추구한 회귀의 철학을 건축적으로 표현한 것이다.,,,,"[하절기] 09:00~19:00<br>
[동절기] 09:00~18:00","매주 월요일 / 1월 1일 / 설·추석<br>※ 단, 월요일이 공휴일일 경우 익일 휴무","[개인]<br> - 일반 2,000원<br> - 청소년/군인 1,000원<br> - 어린이 500원<br> [단체 (10인 이상)]<br> - 일반 1,400원<br> - 청소년, 군인 700원<br> - 어린이 300원","[50% 감면]<br>
제주도민, 재외도민, 명예도민 등",,,,없음,,없음,
2714241,아르떼뮤지엄 제주,63038,,,제주특별자치도 제주시 애월읍 어림비로 478 ,33.3967250327,126.3449882076,국내최대몰입형 미디어아트전시관 아르떼뮤지엄 아르떼뮤지엄은 코엑스 ‘WAVE’ 작품으로 유명한 세계 수준의 디지털 디자인 컴퍼니 d’strict가 선보이는 국내 최대 규모의 몰입형 미디어아트 전시관이다. 스피커 제조 공장으로 시용되던 바닥 면적 1 400평  최대 10M에 육박하는 웅장한 공간에서는 빛과 소리가 만들어 낸 16개의 다채로운 미디어아트 전시가 펼쳐진다.,,,,10:00~20:00 (입장 마감 19:00),,,,,,,없음,,없음,"입 장 료:- 성인(1962~2006년생) 18 000원<br>
- 청소년(2007~2012년생) 14 000원<br>
- 어린이(2013~2018년생) 11 000원<br>
- 아동(2019~2021년생) 8 000원<br>
- 일반 할인(1961년 이전 출생  장애인  유공자  군인(의무복무자에 한함)) 10 000원<br>
- 유아(2022년 이후 출생) 무료
"
2717330,유민미술관,63642,,,제주특별자치도 서귀포시 성산읍 고성리 21 ,33.4291197252,126.9322531832,"유민미술관은 2017년 6월 9일 개관한 국내 유일 아르누보 유리공예 미술관으로  휘닉스 제주 섭지코지 내에 위치해 있다. 노출 콘크리트로 기하학적 선과 주변 자연을 살리며 만든 건축물이며  세계적인 건축가 안도 타다오가 설계한 건축물인 ‘지니어스로사이’에 새롭게 조성되었으며  미술관 전시 설계는 덴마크 건축가인 요한 칼슨(Johan Carlsson)이 맡았다.

◎ 한류의 매력을 만나는 여행 정보 - 영화 <마녀2>
마녀 프로젝트를 만든 백총괄의 신비로운 저택은 휘닉스 제주의 글라스 하우스와 유민 아르누보 뮤지엄이다. 글라스 하우스의 민트레스토랑은 어느 자리에서든 넓게 펼쳐진 바다를 볼 수 있으며 유민 아르누보 뮤지엄은 프랑스 아르누보 유리공예뿐만 아니라 공간 자체가 아름다워 인기가 많다. 건물이 위치한 섭지코지와 함께 둘러보기를 추천한다.",,,,09:00~18:00 (매표 마감 17:00),"매월 첫째 주 화요일<br>※ 국경일, 명절일 경우 정상 운영","- 성인 15,000원<br>- 청소년, 어린이 12,000원",,,,,없음,,없음,
2740014,노형수퍼마켙,63061,,,제주특별자치도 제주시 노형로 89 ,33.4650081095,126.455218756,"노형수퍼마켙은 약 4000㎡(1200여 평)의 면적과 최대 높이 20m(6층 건물 높이)의 웅장하고 압도적인 규모의 미디어아트 테마파크이다.
‘일상과 비일상이 공존하는 공간 속에서 자신만의 아이덴티티를 발견하는 여정’이라는 스토리라인으로  내부는 ‘노형수퍼마켙 프리쇼’  ‘베롱베롱’  ‘뭉테구름’  ‘와랑와랑’  ‘곱을락’ 등 미디어아트 영상 공간을 중심으로 한 총 5개의 전시 공간으로 구성되어 있다. 내부 카페인 ‘노형다방’에서는 흑백 콘셉트의 다양한 음료 및 디저트를 즐길 수 있으며  기념품 샵인 ‘노형잡화점’에서는 노형수퍼마켙 고유의 패턴이 들어간 특별한 기념품들을 만나볼 수 있다.",,,,09:00~19:00 (입장 마감 18:00),연중무휴,"- 성인 15,000원<br>- 청소년 13,000원<br>- 어린이 10,000원<br>※ 자세한 사항은 홈페이지 참조","제주도민 2,000원 할인",,가능,,없음,,가능,"체험프로그램:전시 및 공연
예약안내:
"
2751836,바이나흐튼 크리스마스박물관,63522,,,제주특별자치도 서귀포시 안덕면 평화로 654 ,33.291341969,126.3278198313,서귀포시 안덕면에 위치한 바이나흐튼 크리스마스 박물관은 주인 부부가 여행하며 모은 크리스마스 장식과 관련 물품이 전시되어 있다. 독일어로 크리스마스를 뜻하는 ‘바이나흐튼’과 독일의 건축물을 참고해 만들어 유럽의 크리스마스 느낌이 물씬 나는 공간이다. 개인 박물관치곤 전시물의 종류도 다양하고 소장 가치가 뛰어난 것도 많은 편이다. 일 년 내내 크리스마스 분위기를 느낄 수 있는 곳이지만 이곳의 12월은 조금 더 특별하다. 크리스마스를 맞기 전  한 달간 크리스마스 마켓 때문이다. 매년 수많은 셀러들이 참여  크리스마스와 관련된 다양한 라이프스타일 제품들을 판매하며  유명 셰프들이 만드는 다채로운 요리와 관람객 누구나 참여할 수 있는 다양한 체험 프로그램들이 마련된다.,,,,10:30~18:00,연중무휴,무료,,약 1~2시간,가능,,없음,,가능,
2751843,제주해양동물박물관,63631,,,제주특별자치도 서귀포시 성산읍 서성일로 689-21 ,33.4295156573,126.8551404096,제주해양동물박물관에서는 제주만의 특별한 교육 체험이 가능하다. 고래상어  개복치  키다리 게 등 해양 동물의 생생한 이야기에 대한 교육 그리고 체험이 가능하며  어른과 어린이의 알찬 놀이터가 되어준다. 주요 소장품으로 약 800여 종의 해양동물 표본이 10 000여 점 전시되어 있다. 이곳의 해양동물 표본은 40여 년간의 오랜 경험과 특수 기술로 생동감 있게 제작되었다. 해양동물 실물 표본을 직접 관찰할 수 있어  표본의 본질적 가치를 바탕으로 한 해양 동물 교육과 체험의 장이 되고 있다. 해양 동물자원의 중요성과 공존의 가치를 인식시키는 계기를 마련하고  국내 생태계 보전의식 확산에 이바지하는  지속 가능한 해양 동물 전문 박물관이다. 주변 관광지로는 세계적 자연유산인 성산일출봉과 섭지코지  아쿠아플라넷  용눈이오름 등이 있다.,,,,09:00~18:00,매주 수요일,"[개인]<br>- 일반 10,000원<br>- 청소년 9,000원<br>- 어린이 8,000원<br>- 가족(성인2,어린이2) 32,000원<br>[단체(20인 이상)]<br>- 일반 9,000원<br>- 청소년 8,000원<br>- 어린이 7,000원<br>- 가족(성인2,어린이2) 30,000원",,약 2시간,"가능(대형 3대, 소형 40대)",무료,없음,,없음,"소장품현황:해양 동물 350종 표본 1만여 점 소장
체험프로그램:동물 양초만들기  상어스탬프  색칠공부  종이접기
한국어 안내서비스:가능
"
2752772,성김대건신부표착기념관,63009,,,제주특별자치도 제주시 한경면 용수1길 108 ,33.3228915301,126.1677385965,"이 곳은 한국 최초로 천주교를 널리 알리고자 했던 김대건신부의 의지가 담아 기념할 수 있게 만든 곳이다. 한적한 해안가 마을 용수리에 위치한 성김대건신부 표착기념관은 우리나라의 첫 신부인 성 김대건신부와 제주 천주교 교회의 역사를 엿볼 수 있는 곳이다. 성 김대건신부는 라파엘호를 타고 중국에서 우리나라에 천주교를 전파하러 오던 중 풍랑을 만나 제주도 용수리 해안에 표착하게 되었는데 그곳에서 한국 최초로 미사와 성체 성사를 한 신부이다. 기념관은 총 2층과 옥상전망대로 이루어져 있고 1층에는 영상이나 이미지를 볼 수 있는 공간  2층에는 김대건 신부님의 업적 등을 소개하고 천주교가 들어오기까지의 험난한 과정을 알게 해주는 전시품들  억압 당시 사용되었던 도구 등이 전시되어 있다. 건물의 가장 위층 옥상전망대에서는 멀리 차귀도가 보이고 용수리의 아담한 마을 풍경과 제주올레 12코스와 13코스를 잇는 용수포구가 한눈에 내려다 보인다. 기념관 옆에 작은 성당은 성 김대건 신부가 사제 서품을 받은 김가항 성당 모습을 재현했고  지붕은 파도와 라파엘호를 형상화했다. 성당은 미사 시간을 제외하고는 누구나 자유롭게 관람이 가능하다.

(출처 : 제주 문화관광 홈페이지)",,,,09:00~18:00 (미사 시간 별도),연중무휴,무료,,약 30~60분,가능,무료,없음,,없음,"소장품현황:친필 서한  신부 유골함  신부 고난의 길  라파엘호 항해도 등		

예약안내:
"
2763826,세계술박물관,63627,,,제주특별자치도 서귀포시 표선면 한마음초등로 431 ,33.3540344982,126.8176314979,제주 서귀포에 위치한 세계술박물관은 술의 역사 자료와 술 빚을 때 사용했던 도구  사라져 가는 옛날 술을 수집 전시하고 있으며 우리나라 술과 술병의 변천사를 한눈에 볼 수 있는 술 전문 박물관이다. 특히 세계관에서는 프랑스 코냑  영국 스카치  아일리쉬 아일리쉬  미국 아메리칸  캐나다 캐나디안  일본 재팬리즈  소련 보드카  멕시코 데낄라  독일 맥주 그 외  아시아 술 전시관에는 중국  일본  북한 술 등이 전시되어 있다. 친절한 설명을 읽어보면 술에 대한 다양한 기본 상식을 알 수 있다. 전시 중인 모든 술은 개봉되지 않은 정품이며 앞으로도 정품만을 수집하여 보존할 계획이라고 한다.,,,,"6월~8월 09:00~18:30<br>
9월~5월 09:00~18:00<br>
※ 마감시간 30분 전까지 입장 가능",연중무휴,"- 성인 7,000원<br>- 경로 및 청소년 5,000원<br>- 초등학생 2,000원<br>※ 자세한 사항은 홈페이지 참조",,약 1시간,가능 (25대),무료,없음,,없음,
2767693,제주공룡동물농장,63632,,,제주특별자치도 서귀포시 성산읍 난산로 293 ,33.4066819055,126.8450723611,제주 공룡동물농장은 성읍민속마을 근처 자리하고 있는 온 가족이 함께하는 교육형 체험 박물관이다. 제주 공룡 휴게소 & 공룡관 화석  원석관  희귀 애완동물관  환상의 블랙홀  샌드아트  거울 미로 등 세계적으로 희귀한 교육용 체험 프로그램이 풍부한 테마파크다. 또한 공룡에 대한 관람뿐만 아니라 햄스터  고슴도치  친칠라 등 다양한 동물들도 있어 어린이와 학생은 물론 남녀노소 온 가족이 흥미롭게 즐길 수 있다. 간편하게 식사와 커피를 즐길 수 있는 휴식 공간도 마련돼 있어 체험 중간중간 여유롭게 둘러보기 좋다. 주변에는 성산 일출봉과 우도  섭지코지 등 유명 관광지가 있어 함께 가족과 둘러보기 좋다.,,,,"10:30~16:30<br>
※ 입장마감 16:00",매주 금요일,"- 대인 10,000원<br>- 소인 10,000원<br/>※ 이용요금은 변동될 수 있으므로 홈페이지 참조 또는 전화 문의 요망",네이버 예약 시 할인,60분,가능,무료,없음,,가능,
2778915,나이롱책방,63168,,,제주특별자치도 제주시 관덕로8길 17 (이도일동) ,33.5116956936,126.523447878,제주시와 가까운 삼양의 어느 골목길에 나이롱책방이 자리한다. 나이롱은 ‘어떤 이로운 장난’을 의미한다고 한다. 보통 책방에 들르면 어떤 책을 골라야 할지 고민스럽기 마련이다. 나이롱책방에서는 책을 고르는 데 도움이 되도록 각각의 책마다 어떤 내용을 담고 있는지 정성스러운 손글씨로 적혀 있다. 책은 주제별로 구분되어 있는데 제주와 관련된 서적부터 독립출판물  다양한 해외서적까지 만나볼 수 있다. 읽은 이의 흔적이 고스란히 남은 중고 책도 함께 판매한다. 나이롱책방은 책과 커피를 함께 즐길 수 있는데  책은 구매 후에 테이블에서 여유롭게 읽을 수 있다. 한쪽에는 그동안 책방을 다녀간 이들의 발자취를 더듬어볼 수 있는 그림 방명록을 비치해 구경하는 재미를 더한다.,,,,"- 일, 월, 화요일 12:00~19:00<br>
- 목, 금, 토요일 12:00~21:00","매달 둘째, 넷째 수요일, 목요일",입장료 무료,,,,,,,,":
:
"
2778939,우도 밤수지맨드라미책방,63365,,,제주특별자치도 제주시 우도면 우도해안길 530 ,33.520743198,126.9484913275,비행기를 타고 제주에 가서  또 배를 타고 섬에서 섬으로 들어가면 만날 수 있는 책방. 제주 우도의 유일한 독립서점인 밤수지맨드라미책방이다. 전형적인 제주 돌담으로 둘러싸인 건물 입구엔 ‘책’이라고 적힌 간판이 이곳이 책방이라는 걸 알려준다. 밤수지맨드라미는 제주 바닷속에 사는 멸종 위기 산호로  책이 사라져 가는 현실이 산호꽃과 닮은 것 같다고 생각해 책방 이름을 밤수지맨드라미라고 지었다고 한다. 책방 내부엔 독립 서적이나 드로잉북  채식 관련 책들이 구비되어 있다  책방 창문 너머로는 햇살이 쏟아지는 바다도 눈에 들어온다. 이곳 책방만의 개성을 담은 굿즈들도 판매하고 있으며  공간 한쪽은 카페처럼 운영돼 구매한 책을 여유롭게 읽어볼 수도 있다.,,,,10:00~17:00,비정기 휴무 (인스타그램 참고),,,,가능,,,,,":
:
"
2791473,제주커피박물관 Baum (제주커피박물관 바움),63641,,,제주특별자치도 서귀포시 성산읍 서성일로1168번길 89-17 ,33.4398957772,126.8991669121,"커피박물관 바움은 올레 2길이 지나는 성산의 대수산봉 아래 자락에 자리하고 있다. 바움은 독일어로 나무라는 뜻이며  커피박물관을 방문하면 수 십 년간 민간인의 발길이 뜸했던 곳에서 자란 나무  숲과 함께 다채로운 커피의 향을 즐길 수 있다. 1층은 각 나라의 원두부터 글라인드  모카포트 등의 커피 도구를 전시하고 있는 박물관이다. 꼼꼼히 살펴보려면 꽤 많은 시간이 필요하며  상식 이상의 커피 지식을 채울 수 있다. 또한 사전 신청을 통해 바리스타 체험을 할 수 있다. 2층은 카페로 운영되고 있으며 3층은 나무로 만든 데크와 의자가 있어 새소리를 들으며 커피향을 즐길 수 있다. 커피박물관 바움이 위치하고 있는 부지는 원래 한국과 일본을 잇는 해저 광케이블이 있던 국가 시설로  수 십 년간 민간인의 출입이 제한되었던 곳이다. 위성 시대가 도래함에 따라 필요가 없어져 방치되던 광케이블 벙커는 현재 민간인에게 인수  관리되어 기획 전  공연  축제 등 다양한 행사가 개최되고 있다. 현재는 빛의 벙커라는 이름으로 유명 미술작가의 그림을 디지털 아트로 즐길 수 있는 전시가 진행중이다. 역사시설이기도 한 벙커 관람 이외에도 여유로운 산책과 함께 야외전시장을 둘러 볼 수 있다.

(출처 : 제주 문화관광 홈페이지)",,,,09:00~18:00 (라스트오더 17:40),연중무휴,"무료 (모카포트 체험 18,000원)",,1시간,가능,무료,없음,,가능,"체험프로그램:모카포트 체험 (사전 예약)

소장품현황:나라별 원두  글라인드 등

예약안내:
"
2798027,전이수갤러리 걸어가는늑대들,63333,,,제주특별자치도 제주시 조천읍 조함해안로 556 ,33.542658538,126.6724508891,함덕해수욕장 근처에 위치한 전이수 갤러리는 제주도에 사는 꼬마 화가이자 동화 작가가 운영하는 곳이다. SBS ‘영재 발굴단’ 방송 출연으로 알려진 전이수는 개성 있는 그림체와 어려운 환경에 있는 사람들에게 기부를 하는 선한 영향력을 펼치고 있는 작가다. 전시 입장료의 수익은 제주 미혼모 보호시설과 국경 없는 의사회  아프리카 친구들을 위해 쓰인다. 갤러리 입구에는 전이수 작가와 동생 전우태 작가의 작품이 담긴 굿즈 상품과 책  팬시 용품 등을 판매하고 있다. 사회의 아픔과 세계 곳곳 어려운 이웃에 대한 마음을 순순하고 특유의 감성으로 풀어내는 전이수 갤러리는 전시를 보는 내내 마음의 힐링뿐 아니라 기부도 함께 할 수 있는 뜻깊은 공간이다.,,,,10:00~19:00 (입장마감 18:00),연중무휴,"어른 10,000원<br>어린이 1,000원<br>36개월 이하 무료",,,가능,무료,없음,,가능,"예약안내:네이버 예약 가능
"
2798046,김택화 미술관,63332,,,제주특별자치도 제주시 조천읍 신흥로 1 ,33.5437886593,126.6531914254,"김택화 미술관은 2019년 12월에 개관한 미술관으로 일평생 제주의 풍경을 그렸던 화가 김택화(1940~2006)의 예술 세계와 삶의 여정을 담아낸 공간이다. 김택화 화가는 한라산 소주의 ‘하얀색’ 패키지 그림의 원화를 그리기도 했다.
미술관은 자료실  제1전시실  제2 전시실  아트숍을 지나 2창 카페로 구성되어 있으며  1 전시실과 2 전시실에는 생전에 그렸던 김택화 화가의 유화 작품 122점이 전시되어 있다. 이곳에서 옛 제주의 풍경을 그림으로 만날 수 있다. 2층은 화실로 꾸며진 카페가 있고 통유리 창으로 탁 트인 풍경을 감상할 수 있다.",,,,10:00~18:00 (입장마감 17:30),매주 목요일 / 1월 1일,"[개인]<br>- 성인 15,000원<br>- 청소년, 군인 12,000원(신분증 필요)<br>- 6세 이상, 65세 이상 9,000원<br><br>[제주도민(신분증 필요)]<br>- 성인 12,000원<br>- 청소년, 군인(신분증 필요) 10,000원<br>- 6세 이상, 65세 이상 8,000원<br><br>[무료] 5세 이하",,,가능,무료,없음,,가능,
2811110,훈데르트바서파크,63365,,,제주특별자치도 제주시 우도면 우도해안길 32-12 ,33.4930408093,126.9549441872,훈데르트바서파크는 제주시 우도에 위치한 문화예술공간으로 훈데르트바서의 건축물과 예술 작품을 감상하며 색다른 경험을 할 수 있는 곳이다. 오스트리아의 화가이자 건축가인 프리덴슈타인 훈데르트바서의 작품과 건축 철학을 바탕으로 조성되었다. 훈데르트바서는 자연과 조화를 이루는 건축을 추구한 것으로 유명하다. 훈데르트바서파크 또한 우도의 자연환경과 조화를 이루는 독특한 건축물로 이루어져 있다. 파크는 크게 훈데르트바서뮤지엄  우도갤러리  파크 굿즈샵으로 구성되어 있다. 훈데르트바서뮤지엄은 훈데르트바서의 일생과 작품을 전시하는 곳으로 그의 회화 작품  건축 작품  조각 작품 등을 감상할 수 있다. 우도갤러리는 신진 작가들의 작품을 전시하는 곳으로 제주를 주제로 한 다양한 작품들을 감상할 수 있다. 파크 굿즈샵에서는 티셔츠  머그컵  에코백 등훈데르트바서파크의 다양한 오리지널 굿즈를 판매하고 있다.,,,,09:30~18:00 (입장 마감 17:00),연중무휴,"- 대인 9,900원<br>- 소인 6,000원<br>※ 무료 유아",,,가능,,,,가능,"대관안내:예약가능
예약안내:온라인예매
"
2833763,산지천갤러리,63277,,,제주특별자치도 제주시 중앙로3길 36 ,33.5151787191,126.5283445957,산지천 갤러리는 녹수장  금성장이라는 이름의 여관 건물을 재생하여 만든 문화공간이다. 원도심 활성화를 위해 추진된 산지천 복원과 탐라문화광장 조성사업으로 노후 건물들의 철거가 진행되었으나  산지천 갤러리가 들어선 건물을 포함하여 고씨가옥  유성식품 등 다섯 곳은 기존 원도심의 풍경을 담고 있는 가치를 인정받아 보존 건축물로 지정되었다. 이 건물들에 대한 많은 사람들의 관심과 애정 어린 목소리를 통해 산지천 갤러리라는 전시공간으로 새롭게 탄생하였다. 산지천 갤러리는 전문전시공간으로서 다양한 문화예술콘텐츠를 제공함과 동시에 원도심 지역 문화 관광 활성화에 기여하고자 한다.,,,80명,10:00~18:00(17:00 입장마감),매주 월요일,무료,,,불가,,,가능,,"체험프로그램:[관람하고! 찍고! 뽑고!]<br>전시 관람하고 인증샷을 찍어 현장에서 출력하여 가져갈 수 있다. 
예약안내:*네이버예약 가능
"
2834656,아라리오뮤지엄 동문모텔2,63278,,,제주특별자치도 제주시 산지로 23 ,33.5149843124,126.5293750659,아라리오뮤지엄의 다섯 번째 전시공간으로 산지천의 옛 기억이 묻어있는 기존 건물의 흔적과 현대적인 미술작품을 감상할 수 있는 곳이다. 동문시장과 산지천 일대는 한 때 제주시 원도심의 최대 번화가로  제주항과 가까워 모텔과 여인숙이 많았던 지역이다. 이후 쇠퇴 일로를 걸어오고 있지만  최근 원도심 살리기 프로젝트로 아라리오 뮤지엄과 함께 생기를 되찾아 가고 있다.,,,,10:00 ~ 19:00,매주 월요일,"▪ 성인 20,000원<br>▪ 청소년 12,000원<br>▪ 어린이 8,000원","경로자(65세 이상), 장애인 50% 할인",,,,,,가능,
2836855,포도뮤지엄,63525,,,제주특별자치도 서귀포시 산록남로 788 포도뮤지엄 ,33.3192953511,126.385980824,포도뮤지엄은 안덕면 포도호텔  방주교회  본태뮤지엄 근처에 있다. 지난 2021년 4월에 개관하였으며 지구 생태환경과 인류의 공생  사회 소외계층의 목소리에 귀를 기울이는 공간을 목표로 한다. 별도의 체험 프로그램은 운영하지 않으며 전시 중심으로 운영 중이다. 박물관 1층에는 카페와 기념품샵이 있다. 근처에 핀크스골프장이 있으며 카멜리아힐  헬로키티아일랜드 등 관광지가 있다.,,,,10:00 ~ 18:00 (입장마감 17:30),매주 화요일,"성인(19세 이상) : 10,000원<br>어린이 및 청소년(36개월 이상 18세 이하) : 6,000원","제주도민 : 입장 시 신분증 또는 거주 증명을 제시해주세요.<br>
무료 대상 : 영유아(36개월 미만), 시니어(75세 이상), 국가유공자, 군인, 경찰, 소방관, 기초생활수급자, 장애인",,있음,무료,,,,"체험프로그램:별도의 체험 프로그램 없음
"
2893824,서귀포관광극장,63595,,,제주특별자치도 서귀포시 이중섭로 25 ,33.2459396033,126.564333665,서귀포관광극장은 제주도 서귀포시 이중섭미술관 옆에 있다. 1963년 10월 서귀읍 최초의 극장으로 개관하였던 곳으로 1999년 문을 닫았다가 2015년 지금의 모습인 노천극장으로 개관하였다. 원래는 영화와 공연을 하던 극장이었고 서귀포 문화의 중심지였지만 화재로 지붕이 소실된 뒤 재개관하면서 의자를 떼어내고 계단식으로 재정비하였다. 동절기를 제외한 3월~11월 매주 토요일 클래식과 대중음악 등 다양한 공연예술을 관람할 수 있는 열린 공간으로 입장료는 무료이며 제주 내에서 활동하는 공연 예술 단체를 위해 무상으로 대관도 하고 있다. 공연이 없을 때도 오픈되어 있어 방문할 수 있고 포토존을 이용 사진도 남길 수 있다. 주변 여행지로 이중섭거주지  작가의 산책길 등이 있다.,,,,10:00~17:00,공연에 따라 유동적이므로 블로그 공지 참조 요망,,,,없음,,,,,"체험프로그램:체험  공연  전시 등 일정은 블로그 참고
"
2904457,헌마공신김만일기념관,63614,헌마공신김만일기념관 관리자,064-805-9801,제주특별자치도 서귀포시 서성로 919 ,33.3361761033,126.6907984475,헌마공신김만일기념관은 옷귀마테마타운 근처에 있다. 조선시대에 83년 동안 수천 마리의 말을 나라에 바친 공으로 임금으로부터 헌마공신이라는 명예와 벼슬을 받은 김만일을 기념하는 곳이다. 김만일의 고향 의귀리는 '옷귀마테마타운'으로 운영되며 영조 임금으로부터 귀한 비단옷을 하사받았다는 의미로 '옷귀마'라 부른다. 기념관에는 스크린 승마를 비롯해 다양한 말 체험 프로그램과 말에 대한 기록  김만일의 업적 등을 전시해 놓았고 실내외 포토존도 다양하다. 관련 여행프로그램으로 옷귀마테마타운 승마  숲길 승마 등이 있다.,,,,09:00~18:00 (입장마감 17:40),"매주 월요일 , 1월1일, 설날, 추석",무료,,,있음,,,,,"체험프로그램:스크린승마  낙관찍기 등 
"
2905116,제주과학탐구체험관,63144,,,제주특별자치도 제주시 산록북로 421 제주교육과학연구원 ,33.4262497269,126.5318685277,"제주과학 탐구체험관은 제주시 오라동 제주 미래 교육연구원에 위치하고 있다. 
다양한 과학 체험을 할 수 있는 곳으로 1층 역동의 큐브는 물리  역학적인 체험 전시물  2층 발견의 큐브는 도입수학  생명과학  지구과학  3층 도약의 큐브는 드론  우주  로봇  스마트  에너지  시공간과 관련된 체험 전시물로 구성되어 있다. 이 외에도 유아 체험관  3D 영상관과 천체투영실  물품 보관함  도서관을 갖추고 있으며 시설 사용료는 무료이다.",,,,10:00~17:00 (입장마감 16:00),"매주 월요일, 1월 1일, 추석 및 설연휴",무료,,,,,,,,"체험프로그램:체험프로그램은 변동될 수 있으므로 자세한 사항은 홈페이지 참조
"
2931892,빛의 벙커,63641,,,제주특별자치도 서귀포시 성산읍 서성일로1168번길 89-17 ,19.69442748,117.9925662504,옛 국가 기간통신시설이던 오래된 벙커가 2012년 민간에 매각돼 ‘빛의 벙커’로 태어났다. 빛의 벙커는 예술과 기술  미술과 음악이 융합된 문화 재생 콘셉트의 몰입형 미디어아트 프로젝트다. 구스타프 클림트  빈센트 반 고흐 같은 거장의 작품을 프로젝션 매핑 기술로 구현하여 관람객에게 예술에 대한 새로운 접근과 감상 방식을 제시한다. 몰입형 미디어아트는 시각을 넘어 공감각적으로 예술에 몰입하는 경험을 제공함으로써 다양한 예술작품을 쉽게 이해하고 감상할 수 있도록 돕는다. 속도감 있게 전개되는 영상에 더해지는 웅장한 음악도 몰입형 미디어아트에 없어서는 안 될 존재다. 버려진 공간을 전시장으로 꾸며 도시재생의 기능도 수행한다. 한 편의 영화같은 영상에서 작가의 삶과 작품 세계를 찬찬히 읽어내는 재미가 있다.,,,,10:00~18:20 (입장 마감 17:30),연중무휴,"[개인]<br>- 성인 19,000원<br>- 중고등학생 14,000원<br>- 어린이 11,000원<br>- 특별요금(미취학아동/장애인/국가유공자) 9,000원<br>[제주도민 (도민증 지참)]<br>- 성인 13,300원<br>- 중고등학생 9,800원<br>- 어린이 7,700원<br>- 특별요금(미취학아동/장애인/국가유공자) 6,300원<br>※ 무료 : 36개월 미만 유아",,,가능,무료,,,,
2931932,아라리오뮤지엄 탑동시네마,63165,,,제주특별자치도 제주시 탑동로 14 ,33.517450611,126.5234033068,국내 최고의 미술품 커렉터로 꼽히는 김창일 회장이 제주 탑동 인근 원도심에 버려진 건물을 이횽해 만든 현대미술 전시관이다. 오래된 건물을 크게 개조하지 않고 곳곳에 이전의 흔적을 남겨두어 현대 미술품 뿐만 아니라 원도심의 정취를 느낄 수 있다  플래시를 끄면 카레마 촬영이 가능하며 건물 5층에는 원도심과 탑동을 내려다보며 음료를 즐길 수 있는 카페와 기념품샵이 있다  아라리오뮤지엄 입장권을 끊으면 도보 1-2분 거리의 바이크샵(시즌전시)도 입장이 가능하다.,,,,10:00 - 19:00,매주 월요일 휴무,"성인 15,000원, 청소년 9,000원, 어린이 6,000원",,,,,,,가능,
2933508,유동룡미술관,63017,,,제주특별자치도 제주시 용금로 906-10 ,33.340616183,126.2707903551,유동룡미술관은 제주를 사랑했던 세계적인 건축가 이타미 준(유동룡)의 사상과 철학에 바탕을 두고  미술관 모든 여정  전시 뿐만 아니라 시그니처 향  티 서비스  음악까지 오감을 만족시키는 특별한 경험을 통해 개인의 오리지널리티를 회복하도록 돕는 공간의 힘을 느끼게 한다. 재일한국인로 태어나 ‘이타미 준’이라는 예명으로 활동하며 끝까지 귀화하지 않은 유동룡은  경계를 초월하겠다는 의지로 스스로를 ‘국제인’이라 불렀다. 그리고 건축과 예술의 경계를 넘나들며 스스로의 오리지널리티를 바탕으로 세상의 흐름에 영합하지 않고 독자적인 세계를 구축한 건축가이다. 제주도에 ‘방주교회’  ‘수풍석미술관’  ‘포도호텔’  ‘비오토피아’ 등 많은 건축작품을 남긴 건축가로 잘 알려져 있으며  화가로도 활발한 활동을 한 종합예술가였다. 유동룡미술관은 이타미 준이 추구했던 공간적 개념에 바탕을 두고 그의 딸인 유이화 건축가가 설계하였다. 본질을 중시하고 자연을 존중하는 건축  아날로그 건축  온기가 살아있는 건축을 추구함과 동시에 지역  풍토  전통  역사에 뿌리를 두고 건축이 시작되어야 함을 강조했던 이타미 준의 사상에 바탕을 두고 유동룡미술관은 요즘 시대에 필요한 본질의 힘을 회복하도록 돕는 공간이 되고자 한다. 이타미 준의 오리지널리티를 바탕으로 공감하고 소통할 수 있는 공간  미래 세대를 지원하고 우리나라 건축 문화 발전에 기여하고자 하였던 그의 예술 세계에 푹 빠져보길 바란다.,,,,10:00~18:00 (입장 마감 17:00),매주 월요일 / 1월1일<br>※ 내부 사정에 따라 변동될 수 있으므로 전화문의 요망,"[개인]<br>- 성인 26,000원<br>- 청소년 18,000원<br>[제주도민]<br>- 성인 20,000원<br>- 청소년 14,000원",,,가능,,,,가능,"대관안내:대표번호로 문의

"
2949573,제주문학관,63234,,,제주특별자치도 제주시 연북로 339 ,33.4813850713,126.5178573851,제주문학관은 제주문학의 역사를 기록하고  지역문학 활성화 및 도민 문학향유를 위하여 2021년 10월 23일에 개관하였다. 지하 1층  지상 4층 규모로  1층은 로비 및 기획전시실  2층은 상설전시실과 수장고  3층은 세미나실‧창작공간‧소모임공간‧문학살롱  4층은 대강당 등으로 구성되어 있다. 상설전시실은 구비문학에서 근현대문학에 이르기까지 제주문학을 대표하는 작품과 작가를 한눈에 볼 수 있도록 제주문학 전반의 흐름을 전시하고 있다. 기획전시실은 제주문학을 보다 심도 있게 보여주기 위하여 다양한 전시를 개최하고 있다. 창작 활성화를 위해 작가들에게 창작 공간을 지원하고 있으며  세미나실 및 소모임 공간  대강당에서는 다양한 문학 행사를 진행하고 있다.,,,50명,09:00~18:00,매주 월요일/명절연휴,무료,,30분,가능 (32대),,,,,"소장품현황:제주 작가 및 제주 소재 문학 작품		

대관안내:홈페이지 참조

"
2986689,제주고산리유적안내센터,63008,,,제주특별자치도 제주시 노을해안로 1100 ,33.3044852037,126.1659113851,1987년 5월 고산리 주민이 흙을 채취하기 위해 땅을 파다 석창과 긁개를 발견하고 제주대학교 사학과 학생을 통해 이청규 교수에게 알려졌다. 같은 달 출토지점 일대를 답사하여 첨두기 등 타제석기 3점이 추가 발견되고 융기문토기가 채집된 후 제주대학교박물관의 1991년 지표조사 및 세 차례의 발굴조사를 통해 학계에 보고되면서 세상에 알려지게 되었다. 그 중요성을 받아 1999년 국가사적으로 지정되었다. 제주고산리유적안내센터는 우리나라 가장 오래된 신석기유적인 제주고산리유적을 안내  홍보하고 다양한 교육체험 및 행사를 통해 우리동네 유적을 알리고 지역과의 화합  연계를 하고 있다.,,,,09:00~17:00,매주 월요일/법정공휴일,무료,,,가능 (대형 4대/소형 20대),,,,,"체험프로그램:교육체험프로그램
"
3005374,아이바가든,63065,,,제주특별자치도 제주시 고성남서길 8 ,33.4337665955,126.4219723505,"제주의 비 오는 날 가기 좋은  애월에 위치한 실내 미디어아트 전시관이다. 1만 평 규모에 8개 전시관으로 구성된 이곳은 천장과 바닥을 포함한 6면이 모두 거울로 되어 있어 마치 우주에 떠 있는 듯한 무한한 공간감을 느낄 수 있다. ‘DREAMY’  ‘INDUSTRIAL’  ‘MYSTERY’ 등 전시관마다 다른 테마의 미디어아트를 선보이는데  그중 8관의 ‘PARTY’가 백미다. 다른 전시관이 감상과 사진 촬영 위주라면  이곳은 화려한 조명 아래 신나는 음악에 맞춰 맘껏 춤출 수 있는 공간이다.
마감 시간이 오후 10시로 비교적 넉넉한 편이며 추후 아케이드에 카페와 음식점도 들어설 예정이다. 아직 전시의 여운이 남아있을 때 음미하는 커피 한 잔은 제주 여행을 더욱 풍성하게 만들 것이다.",,,,09:00~19:00 (입장마감 18:00),연중무휴,"- 일반 12,000원<br>- 청소년 11,000원<br>- 소인 8,000원<br>※ 이용요금은 변동될 수 있으므로 홈페이지 참고",,,가능<br>요금 (무료),,가능,,가능,
3030351,서귀포예술의전당,63594,,,제주특별자치도 서귀포시 태평로 270 (서홍동) ,33.2463615646,126.5508014945,서귀포예술의전당은 지역 문화예술 진흥에 기여하고 시민의 문화예술향유 기회 확대와 공연활동의 지원을 위하여 2014년 6월 개관하여 운영되고 있다. 서귀포시 서홍동 삼매봉원공원 일대부지에 오름 분화구를 모티브로 움푹 파인 디자인과 한라산을 배경으로 제주바람 속에 피어난 문화와 예술의 오름이란 테마로 디자인되었다. 서귀포 예술의 전당은 국비와 지방비로 건축된 서귀포시 최초의 복합문화공간이자 서귀포 유일의 종합문예회관으로 대극장  소극장  전시실  세미나실  강의실  연습실 등을 갖추고 있다. 서귀포예술의전당 옆에는 국내 최초의 시립 미술관인 기당미술관이 있어서 함께 방문할 만하다. 가장 제주스러운 작품을 만나는 소박한 미술관으로 미술관 주변 공터나 서귀포예술의전당 뒤편 주차장에 주차를 하고 편리하게 이용할 수 있다.,,,,※ 공연마다 상이하므로 전화문의 요망,1월 1일 / 설·추석,※ 공연마다 상이하므로 전화문의 요망,,,가능,,,,,
3030422,제주아리랑 혼,63624,,,제주특별자치도 서귀포시 표선면 번영로 2564-21 제주아리랑,33.4025424013,126.7784337864,제주아리랑 공연장은 마샬아트 혼의 무대를 경험할 수 있는 세계 유일의 태권마샬아트 전용극장이다. 절도 있는 태권도 공연단과 부드러운 한국무용단의 아름다움으로 승화된 화려한 동작의 액션을 바탕으로 재미와 로맨스의 스토리를 더해 아름답고 절로 흥이 나는 특별한 무대를 제공한다. 전통문화의 멋을 느낄 수 있는 타악과 아름다운 곡선의 한국무용  어둠 속에서 화려하게 펼쳐지는 색다른 경험의 LED퍼포먼스  그리고 객석을 오가며 관객과 함께하는 박진감 넘치는 태권마샬아트 공연으로 구성되어 있다. 제주도의 전설과 기운을 담은 태권마샬아트 공연 관람을 보기 위해 아이가 있는 가족여행객들과 단체관광객들이 많이 방문한다. 공연이 끝나고 무대가 정리된 뒤에는 배우들과 함께 기념사진 촬영 이벤트도 준비되어 있다.,,,,"09:30~15:30 (준비 시간 12:00~13:00)<br>
※ 매일 3회 공연 09:40 / 11:00 / 14:30",연중무휴,"- 성인 25,000원<br>- 청소년 20,000원<br>- 소인 18,000원",,,가능,,,,,
3037374,카페책자국,63364,,,제주특별자치도 제주시 구좌읍 종달로1길 117 ,33.4962702419,126.9076926516,제주 동쪽 끝 구좌읍에 위치한 카페책자국은 숲 속 작은 산장의 서재 같은 분위기에서 편안하게 책을 보며 차를 마실 수 있는 북카페이자  그림으로 읽는 세상  어떤 여행  배낭 속 책 한 권의 3가지 테마로 제주 여행자들에게 추천하고 싶은 책을 판매하는 서점이다. 제주답게 낮은 돌담으로 둘러싸인 주택이었던 집을 개조해 만든 책자국에서는 여행서  그래픽노블  인문예술  사회과학  제주 관련 도서를 판매한다. 책자국은 책자국편지라는 독특한 프로그램을 운영하는데 책자국편지란 익명의 손님들이 방명록에 개인적인 고민을 털어놓고 간 것에 착안하여 책방 주인이 손님과 편지를 주고받는 프로그램이다.  주인장 부부가 세계를 여행하며 품어온 소품들과 명화가 담긴 도록들로 꾸며진 공간에서 책을 읽으면서 카페 시그니쳐 메뉴인 청귤 카푸치노를 맛보고 싶은 사람들에 추천한다. 제주 올레길 21길 코스와 가까워서 탐방 중에 잠시 들려도 좋을 듯하다.,,,,10:30~18:00,매주 화요일,,,,불가능,,,,,
3037623,제주 스카이워터쇼,63355,,,제주특별자치도 제주시 구좌읍 번영로 2172-80 ,33.424253343,126.7442862502,"제주 스카이워터쇼는 구좌읍에 위치한 실내 공연장에서 상연되는 워터쇼이다. 2018년 7월 20일에 개관하여 매년 365일 1일 3회 약 50분간 공연을 펼치고 있다. 대형 분수쇼와 고난도 다이빙쇼가 어우러지는 역동적이고 신기한 워터쇼이다. 외줄타기 공연은 물론이고 고공낙하쇼 그리고 분수쇼까지 화려한 퍼포먼스와 환상적인 무대는 긴장감을 놓을 수 없는 재미를 선사한다. 또한  물과 빛이 아름답게 어우러지는 국내 최초의 스카이 워터쇼로 손꼽힌다. 필리핀공연단  러시아  우즈베키스탄  우크라이나 세계대회 우승 다이버 등 여러 나라의 공연단들과 함께 대형 분수쇼  화려한 공중 퍼포먼스와 코믹하고 멋진 다이빙 쇼를 동시에 선보이고 있다. 공연이 끝나면 공연단들과 함께 사진 촬영도 가능하다. 아이가 있는 가족여행객뿐 아니라 부모님도 만족하는 공연으로 온 가족이 함께 즐기기 좋은 제주도 실내관광지이다.
주변으로 차량이동 10분 거리에 산굼부리분화구와 18분 거리에 에코랜드가 있으므로 연계해서 방문해 보는 것도 좋다.",,,,"1회차 09:30 / 2회차 11:00 / 3회차 14:30<br>
* 12:00~13:00 휴게시간",연중무휴,"[성인] <br>- 24,000원 / 제주도민 19,000원 <br>[청소년] <br>- 22,000원 / 제주도민 청소년 18,000원 <br>[소인] <br>- 20,000원 / 제주도민 청소년 16,000원",,,가능,,,,,
3061676,너븐숭이 4.3기념관,63339,,,제주특별자치도 제주시 조천읍 북촌3길 3 ,33.5460417574,126.6886688475,너븐숭이 4.3기념관은 2009년 조천읍 북촌리에 건립된 기념관으로  제주 4.3 희생자들을 위로하고 교육장으로 활용하기 위해 조성되었다. 북쪽에는 위령비가 자리하고 있는데  위령비 앞면에는 북촌리 원혼 위령비라는 글자가 새겨져 있고  뒷면에는 희생자 명단이 새겨져 있다. 너븐숭이 4.3기념관에는 강요배 화백의 젖먹이를 비롯하여  북촌리의 비극을 배경으로 한 현기영 작가의 순이 삼촌 초판본 등이 전시되어 있고  북촌리 주민 대학살의 진상과 관련된 역사 자료들을 전시하고 있다. 기념관은 전시관  탐구관  묵상의 방  영상실  사무실로 구성되어 있으며  너븐숭이 애기무덤 등 당시의 상황을 고스란히 느낄 수 있는 흔적들이 남아있다.,,,,09:00~18:00,"매월 둘째, 넷째 월요일 / 1월1일 / 설·추석 연휴",무료,,,가능,,,,,
3066924,제주웰컴센터,63122,,,제주특별자치도 제주시 선덕로 23 (연동) ,33.4857565119,126.499189464,제주관광공사에서 운영하는 제주웰컴센터는 제주특별자치도  제주관광공사  제주특별자치도관광협회  제주컨벤션뷰 등으로 이원화되어 있던 관광 운영체계를 단일화한 안내소이다. 종합관광안내  환전소  관광기념품 전시장 등 관광객 편의시설을 갖추고 있으며  사진 스튜디오  영상 스튜디오  통계 자료실  비즈니스 라운지  회의실  교육시설  세미나 및 강연을 위한 다목적 홀(240석)이 있다.,,,,09:00~18:00,[제주관광정보센터] 연중무휴 <br>[대관시설] 야간 및 휴일 휴무,,,,가능,무료,,,,
3083715,제주홀릭뮤지엄,63062,,,제주특별자치도 제주시 애월읍 평화로 2835 ,33.4564977253,126.4416367956,"제주홀릭뮤지엄은 과거 50년 전에 지어진 요양병원을 업사이클링 하여 만들어진 전시관이며  제주도를 재해석한 내용들로 이루어진 5개의 공간에서 제주에 대해 몰랐던 새로운 이야기가 펼쳐지는 신비로운 전시다.
제주홀릭뮤지엄은 ‘제주  빛으로 말하다’  ‘상상제주’  ‘유색유취’  ‘경험의 자유’  ‘일상의 비움’ 등 제주도 콘텐츠를 바탕으로 컨셉이 이루어진 5개의 공간으로 구성되어 있으며  제주에 관한 새로운 이야기를 쉽게 알 수 있도록 다양한 작품들이 설치되어 있는 체험형 전시다.",,,,09:30~18:00 (관람마감 19:00),연중무휴,"[일반]<br>- 성인 11,000<br>- 청소년 10,000<br>- 소인 8,000<br>[제주도민]<br>- 성인 9,000<br>- 청소년 8,000<br>- 소인 6,000<br>※ 청소년 : 중학생~고등학생 / 소인 : 24개월~초등학생","20인 이상 단체 관람객 : 2,000원 할인 (중복할인 불가)",약 1시간,가능(60대),,,,가능,"체험프로그램:
한국어 안내서비스:가능
외국어 안내서비스:가능(중국어  영어)
"
3386123,주정공장수용소 4·3역사관,63280,,,제주특별자치도 제주시 임항로 98 (건입동) ,33.5181368286,126.5348217428,주정공장수용소 4.3역사관은 일제강점기 시절 동양척식회사가 운영하던 큰 규모의 주정공장이 있었던 곳으로  바로 앞에 항구가 있어 생산된 주정을 바로 내보낼 수 있었다. 태평양전쟁 때에는 제주도 전역에서 수확한 고구마를 이용해 주정을 생산하였다. 이 곳에서 생산한 알코올은 일본군의 연료로 사용되었고  해방 이후에도 4.3 당시 주정공장이 보유한 창고들이 민간인 수용소로 이용되었다. 그 당시 행방불명된 희생자들을 기리기 위한 역사관이다.,,,,09:00 ~ 18:00 (입장마감 17:00),"매달 둘째, 넷째 월요일 / 1월 1일 / 설 추석 연휴 3일",무료,,,가능 (제주 연안여객터미널),1시간 무료,,,,":
:
"
526666,제주유리박물관,63534,,,제주특별자치도 서귀포시 중산간서로 1403 (상예동),33.2784468371,126.3701775526,제주유리박물관은 한국의 유일한 유리 전문 박물관으로 넓은 공간에 전시된 유리작품을 감상할 수 있는 공간이다. 2008년 3월 1일 제주도에 개관했으며 유리 전시실  가마 작업실  브로잉실  유리 가공실  강의실  카페 등을 갖추고 있다. 다양한 유리로 만들어진 작품이 제주의 자연과 어우러져 투명한 아름다움을 선사한다. 정월을 돌아보는 동안 자연과 예술 작품이 주는 힐링을 만끽할 수 있다. 유리블로잉 및 캔들 만들기 등 직접 유리 공예품을 만들 수 있는 체험 프로그램과 관람 중 마음에 드는 작품을 구입할 수 있는 기념품 숍이 준비되어 있다. 가족이나 친구  지인과 함께 방문해 특별한 유리 체험을 즐길 수 있는 이색 박물관이다.,,,,10:00~18:00 (입장 마감 17:00),연중무휴,"- 성인 9,000원<br>- 청소년 8,000원<br>- 어린이 7,000원",,,가능,무료,없음,,가능,"체험프로그램:꽃병체험 / 접시체험 / 양초체험
예약안내:<a href=https://www.jeju.com/item/ss_view.html?agt=jeju&prdno=111171539"" target=""_blank"" title=""새창 : 홈페이지로 이동"">https://www.jeju.com</a>"
"
590415""",감귤박물관,63605,,,제주특별자치도 서귀포시 효돈순환로 441 ,33.2711819574,126.6080904173,서귀포 감귤 박물관은 제주 특산물인 감귤을 테마로 감귤의 세계를 한눈에 보고  느끼고  체험할 수 있도록 개관한 공립 전문 박물관이다. 감귤의 역사와 문화  산업과 노동 현장을 엿볼 수 있는 의미 있는 전시 등을 통해 제주인의 삶의 모습을 반추해 볼 수 있다. 감귤의 발생  역사와 종류  재배방법 등을 다양한 패널과 영상으로 구성하고  유리온실에는 전 세계 84 품종의 감귤류를 식재 전시하여 사계절 싱싱한 감귤(생과)을 감상할 수 있도록 조성되어 감귤에 관한 모든 것을 체험하고 배울 수 있는 곳이다.,,"감귤박물관 2,315㎡(지하1층, 지상2층), 세계감귤원 2,471㎡",,09:00~18:00 (입장마감 17:30),1월 1일 / 설·추석 연휴,"[개인]<br>- 일반 1,500원<br>- 청소년 1,000원<br>-어린이 800원<br>[단체(10인 이상)]<br>- 일반 1,000원<br>- 청소년 700원<br>- 어린이 500원<br>",제주도민 50%,약 1시간,"가능 (소형 75대, 대형 15대, 전기차 3대)",무료,없음,,없음,"체험프로그램:감귤따기  쿠키머핀  감귤피자체험 
"
594065,방림원,63005,,,제주특별자치도 제주시 한경면 용금로 864 ,33.3373165134,126.2685961746,"방림원는 야생화의 천국으로 원장 방한숙씨가 전 세계를 돌며 30년간 수집한 야생화를 테마별로 전시한 국내 최초 세계 야생화 전시관이자 테마그린파크이다. 세월과 정성으로 가꾸어진 방림원은 실내전시관  야외정원  동굴  형제폭포  기초공사 중 발견된 방림굴 등 다양한 볼거리가 있으며  3천여 종의 살아있는 야생화들의 소박한 매력을 느낄 수 있다.
방림원 곳곳에는 다양한 개구리 조형물이 있는데 방한숙 관장이 이곳을 만들며 힘이 들 때 함께 울어준 친구 개구리를 이곳의 마스코트로 삼았다는 비하인드 스토리가 있다. 숨은 개구리 조형물을 찾으며 산책로를 따라 한 바퀴 걷다 보면 저절로 자연 속에서 힐링하는 기분을 느낄 수 있을 것이다.",,,,"[3월~10월] 09:00~18:00<br>
[11월~2월] 09:00~17:00",연중무휴,"[성인] <br>개인 8,000원 / 단체(10인 이상) 7,000원 <br>[청소년·어린이·노인·도민·장애인·유공자·군인] <br>개인 6,000원 / 단체(10인 이상) 5,000원",※ 7세 이하 무료,30분~1시간,가능,무료,없음,,가능,"예약안내:단체 방문시 사전 예약
"
596964,세계자동차&피아노 박물관,63526,,,제주특별자치도 서귀포시 안덕면 중산간서로 1610 ,33.2834376347,126.3499458641,"세계자동차 & 피아노 박물관은 2008년 아시아 최초 개인 소장 자동차 박물관 개관에 이어 2019년 한국 최초의 피아노 박물관을 개관하여 역사와 문화  예술이 함께 공존하는 교육의 장이 되도록 노력하고 있는 곳이다.
인류 최고의 발명품 자동차  자동차는 단순한 운송 수단이 아니라  라이프 스타일의 상징이자 인류의 꿈과 미래를 담은 상징이기도 하다. 최초의 자동차에서 시작하여 각 시대를 대표하는 전 세계에서 수집된 100여 대의 자동차를 통해 자동차가 발전하는 역사와 문화를 만나 볼 수 있으며  2019년 7월 개관한 피아노박물관은 세계적 조각가 오귀스트 로댕이 조각한 전 세계 단 하나뿐인 진귀한 피아노를 비롯해 베토벤  쇼팽  하이든 등 위대한 음악가들이 사랑했던 피아노의 특별한 스토리와 300년의 역사가 살아 숨 쉬는 피아노 예술품들이 전시되어 있다.
어린이들이 직접 피아노를 연주하거나 지휘를 하며 공연할 수 있는 복합음악 체험 공간이 마련되어 있다. 전시된 자동차와 피아노 관람과 더불어 어린이 무료 교통 체험  음악 체험   사슴  토끼 먹이 주기 체험을 할 수 있다. 이외에도 100여 종의 식물이 서식하고 있는 곶자왈 힐링 로드도 여유롭게 즐겨보기를 권한다.",,"총 대지면적 157,000㎡  <br>
건축면적 5,000㎡",,09:00~18:00(입장 마감 17:20),"연중무휴<br>
※ 우천시 어린이 체험장 휴장","[일반] <br>- 성인 : 13,000원 <br>- 중고생 : 12,000원 <br>- 어린이 : 12,000원 <br>[단체] 20인 이상 <br>- 성인 : 11,000원 <br>- 중고생 : 10,000원 <br>- 어린이 : 10,000원 <br>[도민] <br>- 성인 : 10,000원 <br>- 중고생 : 9,000원 <br>- 어린이 : 9,000원",,1~2시간,주차 가능,무료,가능,,가능,"체험프로그램:- 어린이 교통 체험<br>
- 음악 체험<br>
- DIY 체험<br>
- 동물 먹이주기 체험
"
597562,제주현대미술관,63005,,,제주특별자치도 제주시 한경면 저지14길 35 ,33.339874518,126.2656713719,"제주현대미술관은 제주만의 독특한 문화예술실현의 일환으로 2007년 9월 1일 개관했다. 제주의 아름다운 자연환경이 잘 보전된 중산간 마을 저지리의 저지문화예술인마을 중심부에 입지하여 관람객에게 문화예술과 자연의 아름다움을 선사한다. 한국 근현대 미술의 거목 김흥수 화백이 자신의 대표 작품을 무상으로 기증한 유일한 미술관이다. 
국제조각심포지엄 야외공원과 함께 1천여명이 동시 관람할 수 있는 야외공연장과 특별전시실  상설전시실  기획전시실  아트숍  세미나실 등 문화 예술 복합 기능을 갖췄다. 미술관 주변으로 대한민국 원로 화백들이 다수 거주하며 저지문화예술마을이라는 거대 문화벨트를 조성하고 있다. 예술의 관심이 있다면  다수의 갤러리와 전시관을 함께 둘러볼 수 있다. 제주현대미술관과 저지문화예술인마을은 공간적 분리감이 거의 없어 관람 후 편하게 둘러볼 수 있으나  거주 공간인 만큼 관광 매너를 준수해야 한다.",,"본관 : 지하1층·지상2층 연면적 1,773㎡<br>
분관 : 지상1층의 연면적 166㎡",,"[본관] 09:00~18:00<br>
[공공수장고] 09:15~17:30<br>
※ 매표시간은 관람시간 종료 30분전까지",매주 월요일 / 1월 1일 / 설날 / 추석,"[본관] <br>- 개인 : 성인 2,000원 / 청소년·군인 1,000원 / 어린이 500원 <br>- 단체(10인 이상) : 성인 1,400원 / 청소년·군인 700원 / 어린이 300원 <br>[공공수장고 미디어아트] <br>성인 2,000원 / 청소년·군인 1,000원 / 어린이 500원","※ 6세 이하, 65세 이상, 장애인 등 : 무료",,있음(소형 40대),무료,없음,,가능,"한국어 안내서비스:해설시간 : 오전11시  오후3시 (해설사 사정에따라 변경운영 가능)
"
693590,제주세계성문화박물관,63572,,,제주특별자치도 서귀포시 월드컵로 33 제주월드컵경기장 (법환동),33.2462414754,126.509243988,"성(性)을 테마로 꾸며 놓은 전시관으로 2005년 7월 23일 제주월드컵경기장 서쪽 입구 지상 1층에 개관했다.
다양한 성문화 조각  그림  민속 신앙품 등 2 000여 점을 전시하고 있으며 고대에서 현대까지의 인류의 성 문화를 볼 수 있다. 인류가 서로 다른 환경 속에서 삶을 살아오면서 지역마다 다르게 표현해 온 성문화들을 모아놓았다. 감추어진 문화에서 표현하는 문화의 공간을 연출하려고 했다.
인근에 천지연폭포  대포주상절리 등의 관광지가 있다.",,,,"09:00~20:00 <br>
7~8월 09:00~21:00 (입장마감 20:00)",연중무휴,"입장료 : 7,000원",도민/유공자 50% 할인,1시간 이내,가능,,없음,,가능,"소장품현황:전시물 2 000여점
"
696841,테디베어하우스 테지움,63037,,,제주특별자치도 제주시 애월읍 평화로 2159 ,33.41204355,126.3935836397,테지움 사파리는 세계 최초로 야생동물과 수중동물 꽃과 새들을 모두 봉제인형으로 제작하여 전시되는 새로운 개념의 박물관이다. A동 1층의 야생동물존에는 호랑이  코끼리  사자 표범 등의 동물인형과 다양한 포즈의 실물크기의 테디베어와 함께 사진을 찍고 직접 만지고 느낄 수 있도록 전시되어 있고 2층에는 돌고래  상어를 비롯하여 문어  거북이 등 수중 동물인형과 홍학  학  오리 떼 등 다양한 인형들이 있다. 2층으로 넘어오게 되면 엎드린 모습의 테디베어에서 어린이들이 자유롭게 뛰어놀 수 있는 놀이터와 드라마 뉴하트에 등장했던 모든 테디베어와 테지움아트갤러리에는 영화패러디  그리스신화 테디베어  세계의상 테디베어들이 전시되어 있다. 물코너에서는 다양한 형태의 테디베어 소품들과 사랑스러운 여러 가지의 테디베어를 구매할 수 있다.,,,,"[하절기] 08:30~19:30 (입장 마감 18:30)<br>
[춘추절기] 09:00~19:00 (입장 마감 18:00)<br>
[동절기] 09:00~18:30 (입장 마감 17:00)",연중무휴,"[개인]<br>- 성인 12,500원<br>- 청소년 11,500원<br>- 어린이 10,500원<br>[단체]<br>- 성인 10,000원<br>- 청소년 9,000원<br>- 어린이 8,000원",,,가능,무료,없음,,가능,
759595,제주특별자치도립미술관,63079,,,제주특별자치도 제주시 1100로 2894-78 ,33.4525489265,126.4897521473,제주도립미술관은 아름답고 청정한 제주의 자연 속에 세워진 숲속의 미술관이다. 미술관에 제주의 전통문화에 바탕을 둔 문화 예술의 역사를 오롯이 담아내었다. 제주 미술사는 물론 세계 미술사  세계 미술의 흐름까지 함께 조망해 볼 수 있도록 전시를 꾸몄다. 특히  한국의 대표적인 화가 장리석 화백의 기증 작품을 감상할 수 있는 장리석 기념관을 비롯하여 상설 전시와 기획 전시  장리석 전시실  야외 전시실 등을 통하여 예술의 경지에 이르는 창의적이고 다양한 훌륭한 작품 세계를 감상할 수 있다. 또한  다양한 문화 예술 프로그램을 기획  진행해 나가고 있다.,,,,"[하절기(7월~9월)]<br>
09:00~20:00 (입장 마감 19:30)<br>
[동절기(10월~6월)]<br>
09:00~18:00 (입장 마감 17:30)","매주 월요일 (단, 월요일이 공휴일인 경우 그 다음 첫 번째 비공휴일) / 1월 1일 / 설·추석","[개인]<br>- 어른 2,000원<br>- 청소년, 군인 1,000원<br>- 어린이 500원<br>[단체(10인 이상)]<br>- 어른 1,400원<br>- 청소년, 군인 700원<br>- 어린이 300원<br>※ 자세한 사항은 홈페이지 참조",,,가능,,없음,,가능,
770036,성산포 해녀물질공연장,63643,,,제주특별자치도 서귀포시 성산읍 일출로 284-34 ,33.4628688824,126.9388907191,성산포 해녀물질공연장은 실제 해녀들이 직접 공연하고 물에 들어가는 모습을 가까이서 만날 수 있어 색다르게 제주의 해녀를 만날 수 있는 공연이다. 성산일출봉 인근 우뭇개 어장에서 활동하는 성산어촌계 소속 해녀들이 물질을 시연한다. 해녀물질공연은 해녀 소개와 바다 잠수  해산물 채취  기념 촬영  해산물 판매  시식 순으로 진행되며 제주 특유의 전통문화를 체험할 수 있는 특별한 공연이다. 성산일출봉 입장권으로 무료 관람할 수 있으며 제주 올레 1코스에 속하는 성산갑문  우도와 함께 둘러보기 좋다.,,,,"1일 1회 14:00<br>
※ 기상상황에 따라 변동되므로 전화문의 요망",※ 기상상황에 따라 변동되므로 전화문의 요망,무료,,,가능,,불가,,없음,
819583,조안베어뮤지엄,63544,,,제주특별자치도 서귀포시 대포로 113 (대포동),33.2402687253,126.4340950813,제주도 남부 서귀포시의 중문 관광단지 내에 위치하고 있는 조안베어뮤지엄은 세계적으로 유명한 테디베어 아티스트인 조안 오의 작업실이자 전시공간이다. 박물관에서는 천연의 소재로 만들어진 테디베어를 만날 수 있으며  제주 자연의 아름다움을 느끼며 느긋한 휴식을 취할 수 있는 곳이다. 나지막한 언덕에 있는 조안베어뮤지엄에서는 백여 년 된 오십 그루의 소나무들과 돌담들이 그대로 보존되고 있어 제주 올레를 함께 할 수 있는 곳이다.,,"부지면적 9,607㎡, 건축연면적 2,561㎡(지상2) <br />
전시면적 1,683㎡",500명 수용 가능,09:00~17:00 (입장마감 16:15),연중무휴,"성인(19세이상) 8,000원 <br />청소년(13세~18세) 7,000원 <br />어린이(4세~12세) 6,000원 <br />※ 36개월미만 어린이 무료",,약 50분,가능,무료,없음,,가능,"소장품현황:전통테디베어  캐릭터베어  테디베어원단  직기
사업내용:테디베어 전시 및 디자인
"
930345,한수풀 해녀학교,63024,,,제주특별자치도 제주시 한림읍 한림해안로 623-6 ,33.4431244167,126.2791762257,"한수풀 해녀학교는 해녀들의 고령화와 어족자원의 고갈  작업여건의 어려움으로 점차 사라져가는 해녀문화를 젊은 세대에 전수하자는 취지에서 주민자치 특성화 사업으로 시작되었다.
그동안 미국  캐나다  일본등 외국 국적의 외국인을 비롯한 전국 각지에서 참여하고 있으며  직업군 또한 공무원  의사  변호사  대학교수  작가  기자  약사  통역사  학생  주부 등으로 다양한 분야에서 왕성하게 활동하고 있는 분들이 해녀양성 교육에 참여하여 졸업하였다.",,,,,,,,,,,없음,,불가,"이용가능시설:잠수장비 보관실  탈의실  샤워실  사무실
화장실:있음
"
988207,서귀포천문과학문화관,63553,,,제주특별자치도 서귀포시 1100로 506-1 천문과학문화관 ,33.2888776636,126.460411156,서귀포천문과학문화관은 무병장수를 상징하는 별인 노인성을 관측하기에 최적의 장소로서 천문우주 관련 전시물들과 밤하늘의 천체 및 태양을 관측할 수 있는 천체 망원경들을 보유하고 있으며 아울러 가상의 밤하늘과 디지털 영상을 상영할 수 있는 천체 투영실을 갖추고 있다. 노인성은 무병장수를 상징하는 별로 겨울이 되면 서귀포시 밤하늘에서 관측할 수 있는 별이다. 노인성은 고도가 매우 낮아 지구 북반구의 중위도 지역에서는 관측하기가 쉽지 않다. 북반구에 위치한 우리나라에선 매우 보기 어려운 별이어서 노인성을 볼 수 있는 제주는 노인성이 비치는 땅  장수하는 사람이 많은 곳으로 여겨졌다. 천문과학문화관에는 주관측실  천체투영실  전시실  강의실이 있으며 황도 12궁을 살펴볼 수 있는 야외조형물이 있다. 또한 별빛 체험 교실  방학 천문교실 등의 천문우주과학교육 프로그램을 운영하고 있다.,,,,"14:00~22:00<br>
※ 월별 프로그램 시간이 다르므로 홈페이지 참조","매주 월요일 (단, 월요일이 공휴일인 경우 다음 첫 번째 비공휴일) / 1월1일 / 설·추석 / 내부사정에 따른 임시휴관일","- 어른 2,000원<br>- 청소년, 어린이, 군인 1,000원",,,가능,무료,없음,,없음,
