ID,명칭,우편번호,관리자,전화번호,주소,위도,경도,개요,문의 및 안내,규모,판매품목,품목별 가격,장서는 날,개장일,영업시간,쉬는날,매장안내,주차시설,문화센터 바로가기,유모차 대여 여부,애완동물 동반 가능 여부,신용카드 가능 여부,화장실,상세정보
1013246,동문재래시장,63192,동문재래시장,,제주특별자치도 제주시 관덕로14길 20 ,33.5115624162,126.5260587646,동문재래시장은 오랜 역사를  지닌 전통 재래시장으로 제주도를 대표하는 시장 중 하나이다. 동문재래수산시장과  더불어 제주도에서 가장 중요하면서 대규모의 상설 재래시장을 구성하고 있다. 1945년  8월 광복 직후 형성된 것이 시초인데  이 시장은 당시 제주도의 유일한 상설시장으로  제주도 전체 상업 활동의 근거지가 되었다. 1954년 3월에 발생한 대형 화재로 시장  전체가 잿더미로 변하자 같은 해 11월 현재의 장소로 이전했다. 주요 취급 품목은  야채  과일  수산물  약초  곡물  의류 등이 있다. 제주도의 대표 재래시장인 만큼 신선한 해산물이 인기다. 갈치회를 비롯한 다양한 모듬회를 저렴한 값에 구매할 수 있으며  전복내장밥 삼합이나 통전복이 들어간 떡갈비 등 퓨전음식이 주목받고 있다.,064-752-3001,,농축수산물 / 과일 / 의류 / 잡화 등,,,1945년,08:00~21:00,연중무휴,,가능,,없음,,없음,있음,
1013258,서귀포매일올레시장,63591,서귀포아케이드상점가 진흥사업협동조합,064-762-1949,제주특별자치도 서귀포시 중앙로62번길 18 ,33.2501780068,126.5632364425,"서귀포 올레시장은 서귀포시에서 가장 큰 시장이며 1960년대 초반 자연발생적으로 생긴 재래시장으로 60여년 전통으로 서귀포 경제에 큰 밑받침이 되고있는 시장이다. 2001년 120m를 시작으로 현재 총620m에 달하는 아케이트상가를 설치하여 서귀포서민경제에 중추적인 역할을 담당하고 있으며 시장내부가 王자형으로 형성되어있어 쇼핑하기가 편리하다.
이곳 주차장은 1시간 무료주차시스템을 도입하여 고객에 최대한 편의를 제공하고 있으며  시장에서 물건을 구입한 고객의 편의를 위해서 무료로 원하는 장소로 배달하는 택배시스템을 갖추고 있다. 또한 미래의 잠재고객인 청소년들을 위한 야외 공연장 및 분수대가 있는 공원을 갖추고 있다.<br>",064-762-1949 / 064-762-2925,총연장 620m (200여 개 점포 / 140여 개 노점),농 수 축산물 및 공산품 일체,,,1964년,하절기 07:00-21:00<br/>동절기 07:00-20:00,연중무휴,홈페이지 안내 참고,있음 (무료),,불가,가능,가능,2개소,"장애인 편의시설:장애인 화장실
입점브랜드:자체 브랜드
"
1013289,이제주숍,63217,제주특별자치도 중소기업종합지원센터,064-751-3360,제주특별자치도 제주시 연삼로 473 ,33.4993528886,126.5405800026,"이제주숍은 제주의 대표 특산품  기념품 매장이다. 제주공항에서 차로 15분 거리에 본점이  서귀포시의 중문 ICC컨벤션에는 분점이 있고  청정제주의 대표격인 감귤  한라봉  황금향 등 만감류를 포함하여 다양한 제주산 식품  제품들을 판매하고 있다. 공공기관이 운영하는 판매장으로 믿을 수 있는 제품만을 취급하며  도내 전문가와 현장평가를 통해 까다로운 입점 절차를 통과한 엄선된 상품만을 판매하고 있다.

(출처 : 제주 문화관광 홈페이지)",064-751-3360,"지상1층  <BR>
면적 837㎡",제주농산품 / 제주수산품 / 제주가공식품 / 향장품 / 공예품 등,,,2008년 3월 21일,09:00~19:00,연중무휴,지상 1층,"가능(120대, 대형 3대)",,가능,,가능,유,"제조자 이름:
장애인 편의시설:장애인 화장실
구입방법안내:직접 방문 구입 가능 <BR>
온라인쇼핑몰 http://mall.ejeju.net  및  전화문의(064-751-3360)
입점브랜드:자체 브랜드  제주마씸
"
1014672,제주 중앙지하상가,63168,제주중앙지하상가,064-752-8776,제주특별자치도 제주시 중앙로 60 ,33.5131677726,126.52466996,제주시내 번화가인 중앙로에는 낡은 시설을 개.보수하여 새롭게 단장한 현대적인 지하아케이드가 조성되어 있다. 중앙로를 기점으로 서문로에서 동문로까지 잇는 지하 아케이드는 현재 300여 개의 점포가 들어서 있다. 주로 의류점이 많고 그 외 신발  액세서리  안경  시계  보석  가방  모자 등을 판매하는 상점들이 들어서 있으며 식당  패스트푸드점 등과 중간  중간에는 휴게 시설도 마련되어 고객의 쉼터도 자리잡고있다. 제주도 유일 지하상가이며 쾌적하고 가장 활발한 쇼핑 명소이다.,064-752-8776,"- 지하1층, 연면적 9.912㎡ <br />
- 점포수 약 370여 개",의류 / 아웃도어 / 화장품 / 신발 / 악세사리 / 잡화 등,,,1983년 11월 31일,10:00~22:00 (점포별 상이함),연중무휴 (점포별 상이함),,가능 (제일공영주차장 / 중앙주차장(제주은행본점 앞) / 칠성제1주차장 / 중앙로터리 주차장),,없음,,가능,화장실완비,"세금환급방법:카드사용인 경우 국세청자동신고 현금고객인경우 현금영수증발급
"
132251,한국기념품백화점,63081,한국기념품백화점,064-742-0987,제주특별자치도 제주시 원노형로 13 (노형동),33.4874227654,126.484796233,‘한국기념품백화점’은1973년도에 창립되어 지금까지 이어져오고 있는 제주에서 가장 오래되고 전통있는 외국인 전용 민예품점이다.,064-742-0987,1층(551.52㎡),토산품,,,,11:00~18:00<br>※ 국제선 시간에 따라 변경됨,연중무휴,,,,불가,,가능,,"이용자격:외국인
"
2893682,뉴월드_신제주점,63133,,,제주특별자치도 제주시 연동 294-2 ,33.4853786835,126.4933899765,-,064-745-4600,,식료품,,월~일요일,,01:00-24:00,,환급서비스 제공방식 : 즉시+사후,가능,,,,가능,완비,
132159,"고성5일시장 (4, 9일)",63640,,064-760-4282,제주특별자치도 서귀포시 성산읍 고성오조로 93 ,33.4518891163,126.9127293498,고성장은 제주도 동부 관광명소인 성산일출봉이 있는 성산읍사무소 소재지 마을인 고성리에 위치하고 있으며 국도 12번 도로에 접하고 있다. 1984년 현재 위치로 이설 한 후  성산읍 주민은 물론 인근 우도면과 구좌읍 주민들도 이용하는 비교적 큰 5일장이다. 도심의 오일시장과는 사뭇 다른 시골장터 분위기를 느낄 수 있다. 특별한 상품보다는 청과물  수산물  정육  생활용품  의류  농기구 등 생활에 필요한 모든 물품이 갖추어져 있어 없는 것이 없다는 표현이 어울린다. 그리고 근처에는 제주 명소들이 인접해 있다. 성산읍의 정취와 정겨움을 느끼고 싶다면 고성오일시장을 방문해 보는 것을 추천한다.,064-760-4281,,"수산물,  농산물,  의류,  잡화류  등",,"매월 4, 9, 14, 19, 24, 29일",,08:00 ~ 14:00,,,가능 (공영주차장),,없음,,없음,있음,
132160,"표선 5일시장 (2, 7일)",63629,표선면 산업담당부서,064-760-4475,제주특별자치도 서귀포시 표선면 표선동서로 203-1 ,33.3225437337,126.8304061108,"표선 5일시장은 표선 시내 중심가에 위치해 있다. 매월 2일  7일에 열리는 표선오일시장은 제주 남쪽 사람들의 정겨움을 느낄 수 있는 작은 시장이다.
표선오일시장은 생활용품  농산물을 판매하는 가장 큰 건물과 다양하고 신선한 제철 수산물을 판매하는 어시장  그리고 순대국밥과 고기국수를 판매하는 작은 식당 총 3개의 건물로 나누어져 있다. 그중 어시장은 표선항을 끼고 있어  질 좋은 수산물을 합리적인 가격에 얻을 수 있는 것이 큰 특징이 있다.
주변에 표선해수욕장  성읍민속마을  해비치호텔 등의 관광지가 있다.",064-760-4471(표선면 사무소),어시장1동 농산물1동 식당1동,"야채류, 잡화류, 어물류, 양품류, 과일류, 철물류 등",,"매월 2, 7, 12, 17, 22, 27일",,08:00~14:00 (매우 작은 시장이라 파장이 빠름),"상설시장이 없으므로 2,7일을 제외한 날",,주차가능,,없음,없음,가능,있음(남/녀구분),"입점브랜드:야채 / 청과 / 수산물 / 의류 / 생활용품
"
132161,대정오일시장,63506,,064-730-1615,제주특별자치도 서귀포시 대정읍 신영로36번길 65 (대정읍),33.2204929929,126.2483310829,대정오일시장은 6·25전쟁 당시 문을 연 곳으로 제주도 서부 지역에서 가장 큰 오일시장이다. 모슬포에 자리 잡고 있어 모슬포 오일장이라고도 불리며 당시 대정읍에는 비행장과 육군훈련소가 있어 필요한 생활용품 및 물자가 오가다 보니 점차 커지게 되었고 자연스레 시장이 형성되었다고 한다. 대정읍 내에서 자리를 몇 번 옮기며 지금은 현재의 자리인 대정읍 하모리에 자리를 잡았다. 큰 규모만큼이나 선원들이 필요한 물품 등 취급하지 않는 상품이 없고 다양한 먹거리까지 준비되어 있으니 출출한 배를 달래려 방문해 보는 것도 나쁘지 않다. 대정 오일장은 매월 1일  6일에 장이 열린다. 다만  31일이 있는 달에는 31일에 문을 열고 다음 날 1일에는 열리지 않으니 참고하는 것이 좋다.,하모3리 사무소 064-794-7995,,생황용품 / 건어물 / 수산물 / 의류 / 청과 등,,1일 / 6일 / 11일 / 16일 / 21일 / 26일 / 31일,,08:00~14:00<br>※ 개점과 폐점 시간 일정하지 않으므로 전화문의 요망,,,가능,,없음,,없음,있음,
2893690,PAT제주지상점,63192,,,제주특별자치도 제주시 관덕로 56(이도일동) ,33.5129789143,126.5252838006,-,064-757-7700,,"남성의류,악세서리,여성의류",,월~일요일,,09:30-21:00,명절,환급서비스 제공방식 : 사후,가능,,,,가능,완비,
2893839,아디다스키즈 제주점,63277,,,제주특별자치도 제주시 중앙로7길 12(일도일동) ,33.5147731705,126.525953146,-,064-759-3812,,스포츠 용품 및 의류,,월~일요일,,10:00-22:00,,환급서비스 제공방식 : 사후,불가능,,,,가능,,
2893882,아디다스_서귀포,63591,,,제주특별자치도 서귀포시 중정로 81 아디다스1층,33.2485198837,126.5649168897,-,064-759-3812,,"남성의류,신발,아동의류,여성의류",,월~일요일,,10:00-21:00,,환급서비스 제공방식 : 사후,불가능,,,,가능,완비,
2893946,엔비에이,63277,,,제주특별자치도 제주시 관덕로11길35 ,33.5161341232,126.5255059316,-,064-702-7005,,"스포츠 용품 및 의류,악세서리",,월~일요일,,11:00-21:30,명절,환급서비스 제공방식 : 사후,불가능,,,,가능,,
132177,신라면세점(제주점),63131,신라 면세점 (제주점),1688-1110,제주특별자치도 제주시 노연로 69 ,33.4862784922,126.4875960157,제주 신라면세점은 제주 시내에 위치한 면세점이다. 패션  뷰티  시계  주얼리  전자제품  식품 등 다양한 브랜드 제품을 면세로 판매하고 있다. 제주 전용관을 운영하여 제주 특산품도 면세로 구매가 가능하다. 세계적인 명품  최신 유행 상품을 보다 저렴하게 만나 볼 수 있다. 품위 있는 초현대식 시설  최고 수준의 서비스로 고객 만족을 구하고 있으며  쾌적한 매장 분위기  넓은 주차 공간은 최고의 편안함을 선사한다.,1688-1110,,패션 / 뷰티 / 시계 / 주얼리 / 전자제품 / 제주 특산 기념품 등,,,1989년 8월,10:00~19:00,연중무휴,,가능,,없음,,가능,있음,"입점브랜드:홈페이지 매장안내 참고
"
132487,JDC국내선면세점 제주국제공항점,63115,JDC 면세점 (제주공항점),064-740-9900,제주특별자치도 제주시 공항로 2 (용담이동),33.5071207433,126.4947726967,JDC면세점은 세계 유명브랜드의 제품과 국산품  양주 등을 다양하게 완비하여 국내외 관광객이 제주공항 출국 전 쇼핑을 즐길 수 있도록 한다. 원하는 품목을 인터넷을 통해 사전예약할 수 있고  원화  달러와 엔화 등 현금은 물론 신용카드와 여행자 수표로도 구매가 가능하다. 제주도에서 도외지역으로 항공기나 선박을 이용하여 출도하는 내·외국인을 대상으로 하며  구매한도는 1인 1회당 800달러까지로 연 6회 이용이 가능하다. 또 면세점 특례규정에 의해 주류  담배  화장품  문구 등 15개 품목을 판매하고 있으며 290여개 브랜드의 상품을 취급하고 있다.,064-740-9900,,패션 / 뷰티 / 시계 / 주얼리 / 식품 등,,,,06:00~21:20,연중무휴,,가능,,불가,,가능,있음(남/녀 구분),
132556,서귀포향토오일시장,63579,서귀포 향토5일시장,064-763-0965,제주특별자치도 서귀포시 중산간동로7894번길 18-5 (동홍동) ,33.2669040864,126.5724963753,서귀포향토오일시장은 서귀포시를 대표하는 오일장으로 1995년 개설되어 매월 4일  9일마다 장이 열린다. 큰 규모만큼 오랜 명맥을 유지하고 있으며 구역이 시원시원하게 정돈되어 있어 둘러보기 좋다. 제철 과일과 싱싱한 수산물  채소 등 먹거리를 비롯해 아기자기한 잡화와 의류까지 다양한 물품들을 판매하는 시장이라 도민과 관광객이 모두 찾는 시장이다. 전국 최초로 고객 서비스 헌장을 마련했고 다양한 상품을 판매하며 쾌적하게 쇼핑을 즐길 수 있도록 편의 시설을 최적화해 왔다. 주차공간이 넉넉하고 시티투어 버스가 다녀 버스 정류장이 가까이 있어 접근성이 좋다.,향토오일시장번영회 064-763-0965,,농수산물 / 축산물 / 공산품 / 먹거리 등,,4일 / 9일 / 14일 / 19일 / 24일 / 29일,,08:00~21:00,,,가능,,없음,,가능,있음,
132560,한림공원 쌍용각 휴게소,63011,쌍용각,064-796-0008,제주특별자치도 제주시 한림읍 협재리 2487-3,33.3901296439,126.238508725,한림공원은 제주시 한림 일대의 광활한 벌판을 일구어 아열대식물원  제주석분재원  재암민속마을  야자수길  협재굴·쌍룡굴  사파리조류원  연못정원 등 9개 테마로 이루어진 테마파크다. 한림공원 입구에 위치한 쌍용각은 제주관광기념품 및 제주의 정취가 물씬 담긴 다양한 상품과 자연식품이 구비되어 있어 제주의 멋과 맛을 선물로 찾는 손님에게 안성맞춤이다. 맛과 향  그 효능을 인정받아 품위 있는 선물로 주목받고 있는 한라산 오미자차  꿩으로 만든 꿩엿  밀감꿀 등 독특한 상품을 구입할 수 있으며 이 밖에도 제주 전통의 실용적인 전통옷인 갈옷과 정동모자  도자기 인형  팬시상품 등 다양하게 갖춰져 있다. 또한 간단한 차와 스낵류를 즐길 수 있는 야외 광장에 제주석 테이블이 있어 편안하게 휴식을 취할 수 있다.,한림공원 064-796-0001,,제주 특산품 / 차 / 스낵류 등,,,,09:00~18:00<br>※ 시기별 상이하므로 자세한 사항은 전화문의 요망,연중무휴,,가능,,없음,,가능,있음,
2893962,베네통,63277,,,제주특별자치도 제주시 칠성로길 32-1(일도일동) ,33.514289896,126.5263142365,-,064-753-6114,,"신발,악세서리,여성의류",,월~일요일,,10:30-20:30,명절,환급서비스 제공방식 : 사후,불가능,,,,가능,,
2893975,디스커버리,63277,,,제주특별자치도 제주시 일도1동 관덕로 11길 24 ,33.515273111,126.525703156,-,064-756-5224,,스포츠 용품 및 의류,,월~일요일,,10:30-21:00,명절,환급서비스 제공방식 : 사후,불가능,,,,가능,완비,
132561,한림공원 다화원휴게소 (제주),63011,한림공원,064-796-0009,제주특별자치도 제주시 한림읍 한림로 300 ,33.389724127,126.2381087692,"한림공원은 제주시 한림 일대의 광활한 벌판을 일구어 아열대식물원  제주석분재원  재암민속마을  야자수길  협재굴·쌍룡굴  사파리조류원  연못정원 등 9개 테마로 이루어진 테마파크다. 다화원 휴게소는 한림공원 내 제주석분재원 근처에 자리 잡고 있으며 기암괴석과 아름다운 분재작품들을 감상하고 난 뒤 지친 다리를 쉬어갈 수 있다.
다화원 휴게소에서는 갈제품(감물 염색 제품)  핸드폰 줄  돌하르방  선인장차 등 제주의 낭만을 담은 기념품을 비롯하여 아기자기한 선물용 팬시상품  향수에 이르기까지 다양한 상품이 구비되어 있다. 또한 연못의 잉어와 함께 어우러진 야외 제주석 테이블에서 간단한 차와 스낵류를 즐길 수 있는 휴식 공간이다.",064-796-0001,,제주 기념품,,,,"3월~5월, 9월~10월 09:00~17:30 / 6월~8월 09:00~18:00 / 11월~2월 09:00~16:30 <br>※계절별 일몰시간에 따라 매표 마감 시간 및 관람 마감 시간이 ±30분씩 변동",연중무휴,,가능,,없음,,없음,있음(남녀 구분),
132595,중문향토오일시장,63546,,064-760-2633,제주특별자치도 서귀포시 천제연로188번길 12 ,33.2507951855,126.4242345901,서귀포 관광 명소가 가득한 중문 관광단지 가운데 위치한 중문향토오일시장은 1950년대 피난민들과 함께 형성된 시장으로  1965년 정식으로 장을 열어 현재까지 이어지는 역사를 지닌 시장이다. 이곳에서는 손수 농사지은 농산물과 물가에 나가 잡은 수산물을 주로 판매하며 주로 제주도 현지인들이 장을 보는 오일장이다. 서귀포매일올레시장이나 제주민속오일시장에 비하면 큰 규모의 시장은 아니나  볼거리와 살 거리가 다양하다. 도심의 시장과는 전혀 다른 분위기로 옛 시골 장터 분위기와 할머니들의 소박함과 정겨움을 느낄 수 있는 곳이다. 시장을 둘러보다 보면 상인들의 삶을 엿볼 수도 있고 활기찬 에너지를 얻을 수 있다.,서귀포시청 경제일자리과 064-760-2633,,과일 / 건어물 / 농산물 / 수산물 / 의류 등,,3일 / 8일 / 13일 / 18일 / 23일 / 28일,1965년 1월 15일,09:00~17:00,※ 상설시장이 아니므로 장서는 날 이용 요망,,가능,,불가,,없음,있음,
1862763,더 아일랜더,63168,더 아일랜더,070-8811-9562,제주특별자치도 제주시 관덕로4길 7 ,33.512426135,126.5213730415,2013년 제주의 원도심에서 오픈하여 제주도 기념품을 판매하고 있는 더 아일랜더는 최근 2호점인 라이프스타일 스토어와 함께 하나의 공간에서 새롭게 영업을 하고 있다. 기존의 제주도 기념품 외에 다양한 디자인 소품을 만나 보실 수 있으며  작은 카페 공간도 함께 운영 중 이다.,070-8811-9562,,제주도 아트상품,,,,10:30 ~ 19:00,,,,,불가,,가능,,
1863246,바당수산,63276,바당수산,064-758-3945,제주특별자치도 제주시 임항로 49 ,33.5169924336,126.5300249638,제주특별자치도 제주시 서부두수산시장에 위치한 제주 바당수산은 신선한 해산물을 판매하는 수산가게이다. 이곳은 제주 바다에서 직접 잡은 다양한 생선과 해산물을 제공하며  최고 품질의 신선한 해산물을 손쉽게 구매할 수 있는 장소이다. 제주 바당수산은 생선  오징어 등 다양한 해산물을 판매하며  온라인 주문 후 택배로도 수령이 가능하다. 이를 통해 제주에 직접 방문하지 않아도 신선한 해산물을 집에서 편리하게 받아볼 수 있다.,0507-1339-9965,,각종 해산물 / 지역특산품 / 가공식품 등,,,,06:00~18:00,연중무휴,,가능,,불가,,가능,,"제조자 이름:
입점브랜드:
"
2893984,나이키스포츠신제주대리점,63123,,,제주특별자치도 제주시 신광로 63(연동) ,33.4865201736,126.4902207818,-,064-744-0460,,스포츠 용품 및 의류,,월~일요일,,10:00-22:00,,환급서비스 제공방식 : 사후,불가능,,,,가능,,
2894125,뉴에라_제주점,63277,,,제주특별자치도 제주시 관덕로 11길 17 ,33.5146842793,126.5251809922,-,070-4220-5950,,"가죽 제품 및 가방,스포츠 용품 및 의류,악세서리",,월~일요일,,10:00-22:00,명절,환급서비스 제공방식 : 사후,불가능,,,,가능,완비,
2894453,롯데마트_제주점,63084,,,제주특별자치도 제주시 노형동 708 3필지,33.4823510557,126.4817021724,-,064-798-2500,,"가구 및 홈데코,가든 및 DIY,가죽 제품 및 가방,란제리(속옷),스포츠 용품 및 의류,식료품,신발",,월~일요일,,10:00-23:00,,환급서비스 제공방식 : 즉시+사후,가능,,,,가능,완비,
1867129,제주민속식품(사월의 꿩),63355,,,제주특별자치도 제주시 구좌읍 번영로 2178 ,33.4279447092,126.7509911404,제주민속식품은 제주도 전통건강음식 꿩엿을 현대화·대중화 하기위해 1995년에 설립되어 청정제주의 참맛을 알리는데 힘쓰고 있다. 사월의꿩 교육농장은 옛날부터 건강식으로 만들어 먹는 제주의 대표적인 전통음식인 꿩엿에 대해 알리고 초  중  고  일반 등 교육과정과 연계한 교육체험 프로그램을 운영하고 있다. 식당(성불오름가는길)에서는 꿩요리를 하고 있다.,064-782-1500,1300평,꿩엿,,,1995.11,09:10~17:00,명절,"제주민속식품, 식당/카페, 사월의꿩교육농장, 특산품직판장",가능,,없음,,가능,있음,
1871024,제주칠성로상점가,63277,제주칠성로상점가조합,064-723-1510,제주특별자치도 제주시 관덕로13길 12 (일도일동) ,33.5140565855,126.5261253693,칠성로는 예로부터 조성된 제주의 전통 상권이며  쇼핑의 거리이다. 제주의 명동 패션의 1번지로 통하는 이곳의 명칭은 북두칠성에서 유래하여 별모양 조명시설과 물놀이를 즐길수 있는 산지천 음악분수대가 있으며 젊은이들에게 데이트 공간으로도 많은 사랑을 받는 곳이다. 인근에 흑돼지거리와 산지천 동문시장이 있으며  중앙지하상가를 인접하고 있다.,064-723-1510,약  450개 점포,"스포츠의류, 신발, 잡화, 가방, 의류 등",,,,06:00~22:00,연중무휴 (매장마다 상이),,가능,,가능,,가능,있음,"제조자 이름:
입점브랜드:
"
1871028,중문농수산 / 중문농수산영농조합법인,63540,중문농수산 직판장,064-738-5757,제주특별자치도 서귀포시 천제연로 355 ,33.2523897416,126.4424496419,중문농수산은 생산자가 직접 재배하고 유통해 더욱 믿을 수 있는 곳으로 청정제주의 신선한 상품을 판매하고 있다. 옥돔  갈치  고등어  한라봉 등을 판매하고 있다. 매 시즌마다 맛있는 귤을 선보이며  제주 앞 바다에서 나는 가장 신선하고 맛있는 수산물들을 선보이고 있다.,064-738-5757,,"옥돔, 갈치, 고등어, 한라봉 등",,,,08:00~19:30,연중무휴,,가능,,없음,,없음,,
1890343,동부농원,63630,,064-782-4488,제주특별자치도 서귀포시 성산읍 서성일로 1007 ,33.4429313439,126.8862290743,"제주 서귀포시 성산읍에 위치한 동부농원은 직접 재배한 감귤  한라봉  천혜향  황금향 등을 판매하고 있다. 
중개상의 개입 없는 저렴한 가격의 맛있는 감귤을 구비하고 있으며 전국 택배 주문도 가능하다. 귤 따기 체험도 하고 있으며  직접 딴 귤은 판매 비용으로 대체한다. 성산일출봉에서 제주시 방향으로 가는 길 수산리 오른쪽 방향 중간 지점으로 방문하면 된다. 
주변 가볼 만한 곳으로는 제주 커피박물관  남제주 억새오름길  짱구네 유채꽃밭이 있다.",064-782-4488,,감귤 / 한라봉 / 천혜향 / 황금향 / 감귤초콜릿 등,,,,08:00 ~ 19:30,,"귤따기 체험
※ 체험료:직접 딴 귤 판매 비용",있음,,없음,,가능,있음(남녀 구분),"제조자 이름:
입점브랜드:
"
2894609,헬로우키티_아일랜드지점*,63526,,,제주특별자치도 서귀포시 한창로340 ,33.2901591479,126.3520983052,-,064-792-6114,,"악세서리,기타 소매",,월~일요일,,09:00-18:00,,환급서비스 제공방식 : 사후,가능,,,,가능,완비,
2900238,에잇세컨즈 제주중앙점,63277,,,제주특별자치도 제주시 중앙로5길 6 ,33.5152592181,126.5253448539,-,070-7090-0881,,"남성의류,여성의류",,월~일요일,,10:30-21:30,,환급서비스 제공방식 : 사후,불가능,,,,가능,,
2900767,롯데하이마트 삼화점,63325,,,제주특별자치도 제주시 연삼로 888 ,33.5117216066,126.5808345564,-,064-803-0525,,전자제품,,월~일요일,,10:30-20:30,명절,환급서비스 제공방식 : 사후,가능,,,,가능,완비,
2900815,ABC마트 ST제주칠성,63277,,,제주특별자치도 제주시 중앙로5길 6(일도일동) ,33.5152592181,126.5253448539,-,064-803-3022,,신발,,월~일요일,,10:30-22:00,,환급서비스 제공방식 : 사후,불가능,,,,가능,,
2900956,ABC마트 서귀포,63591,,,"제주특별자치도 서귀포시 중정로91번길 2 (서귀동,1층) ",33.2486809956,126.566116782,-,064-733-7200,,신발,,월~일요일,,10:30-21:00,,환급서비스 제공방식 : 사후,불가능,,,,가능,,
2708336,제주관광공사 중문면세점,63547,,,제주특별자치도 서귀포시 중문관광로 224 (중문동),33.2413184576,126.4244653377,중문 면세점은 제주를 관광하는 모든 여행자의 편의와 만족을 위해 제주관광공사에서 중문에 운영하고 있다. 제주국제컨벤션센터 1층에 있는 중문 면세점은 제주 관광의 랜드마크로  중문관광단지 관광과 함께 면세쇼핑을 여유 있게 즐길 수 있다. 제주관광공사 면세점은 국내 최초 내국인 면세점으로서 제주를 대표하는 쇼핑관광 인프라로 국내 항공과 선박을 통해 누구나 이용할 수 있다. 구매 한도는 연간 이용 횟수 6회이며  1회 구매 한도는 미화 800달러로 지정하고 있다. 주변에 가 볼 만한 곳으로는 중문 향토오일시장과 성산일출봉  섭지코지등이 있다.,064-780-7700,,화장품 / 패션 / 선글라스 / 시계 / 쥬얼리 등,,,,10:00~19:00,연중무휴,,가능,,없음,,없음,있음,
2737330,동문수산시장,63192,,,제주특별자치도 제주시 이도일동 1349-60 ,33.5124067622,126.5257309971,1970년에 개설된 제주 동문수산시장은 당일에 어획된 신선한 수산물을 판매하는 제주 최대의 수산물 전문시장이다. 주로 제주산 은갈치  옥돔  고등어회 등을 판매한다. 전복과 자리와 같은 싱싱한 수산물뿐만 아니라  젓갈과 건어물 또한 판매하고 있다. 가격도 저렴하여 합리적인 가격에 신선하고 품질 좋은 회를 맛볼 수 있다. 손님이 시장에서 직접 고른 상품을 식당에서 요리로 즐길 수 있는 맞춤 전문식당 방식도 많은 사랑을 받고 있다. 전국 어디에든 신선한 수산물을 전달하기 위해 특수포장을 한 후에 퀵서비스로 배달하는 방식 또한 도입되어 있어 손님들이 간편하게 집에서도 신선한 바다의 향을 느낄 수 있게 되었다. 꽁치 김밥과 같이 제주에서만 맛볼 수 있는 먹거리들과 다양한 즐길 거리가 가득한 제주 동문수산시장은 공항과 여객선 터미널로부터 각각 10분  5분 거리에 있어 관광객들이 쉽게 방문할 수 있다.,064-752-8959,,생선회 / 옥돔 / 갈치 / 젓갈 / 건어물 등,,,연중무휴,점포별 상이함,점포별 상이함,출입구가 12개 있는 대형시장,"가능 (동문공영주차장, 동문수산시장 주차장)<br>요금 (30분 무료, 1시간에 500원)",,없음,,가능,있음 (남/녀분리),
2752730,바이제주,63150,,,제주특별자치도 제주시 서해안로 626 (용담삼동),33.5165726233,126.5041216698,300인의 핸드메이드 작가와 협업을 추구하는 바이제주는 제주 소품 시장의 트렌드를 이끌어가고 있다. 고객의 니즈에 부응하는 소품은 물론이고  쉽게 흉내 낼 수 없는 디테일과 창의적인 아이디어가 빛나는 독보적인 아이템이 다양하다. 무엇보다 아기자기한 내부 인테리어와 바다를 전망할 수 있는 2층 휴게시설  그리고 넓은 주차장이 있어 쇼핑의 편의성을 높였다.,064-745-1134,200평(1~층),"악세서리, 방향제, 문구용품, 해녀복소품 키링, 마그넷, 도자기, 에코백 및 각종 패브릭, 반려동물용품, 인형, 썬캐처, 다양한 먹거리 등",,,,09:00~21:30,연중무휴,"- 1층 : 문구용품, 악세서리, 패브릭, 인형, 방향제 등<br>
- 2층 : 도자기, 드림캐쳐, 썬캐처, 해녀복소품, 반려견 용품 등",가능(약 70여 대),,없음,,가능,있음(1층 남자 화장실 / 2층 여자 화장실),"입점브랜드:제주를 대표하는 핸드메이드 작가와 기획 및 제작회의를 통해 다양한 소품 개발
"
2901162,올리브영 제주연동,63125,,,제주특별자치도 제주시 신광로 21 (연동) ,33.4901697717,126.4903512436,-,064-746-7551,,"식료품,향수 및 화장품",,월~일요일,,10:00-23:30,,환급서비스 제공방식 : 즉시+사후,불가능,,,,가능,,
2901481,올리브영 제주탑동,63166,,,제주특별자치도 제주시 탑동로 15-1 ,33.5170534269,126.5230422358,-,064-702-5290,,향수 및 화장품,,월~일요일,,11:00-22:30,명절,환급서비스 제공방식 : 사후,불가능,,,,가능,,
2902489,지오지아 제주연동,63129,,,제주특별자치도 제주시 신광로 30 ,33.4895559433,126.4898790762,-,064-746-8003,,"가죽 제품 및 가방,남성의류,신발",,월~일요일,,11:00~22:30,,환급서비스 제공방식 : 사후,불가능,,,,가능,완비,
2902838,올리브영 제주함덕,63333,,,제주특별자치도 제주시 조천읍 조함해안로 522 ,33.5425196032,126.6686317796,-,064-782-9605,,향수 및 화장품,,월~일요일,,10:30-22:00,,환급서비스 제공방식 : 사후,가능,,,,가능,완비,
2903062,크록스 제주칠성,63277,,,제주특별자치도 제주시 칠성로길 24 ,33.5142759939,126.5253782074,-,064-721-2163,,신발,,월~일요일,,10:00-22:00,명절,환급서비스 제공방식 : 사후,불가능,,,,가능,,
2752778,모이소,63131,,,"제주특별자치도 제주시 신광로8길 14 (연동,송네하우스)",33.4871256355,126.4885348036,제주공항에서 5분 거리에 있는 제주 모이소는 다양한 분야의 예술 작가들의 톡톡 튀는 아이디어와 제주스러움이 묻어있는 다양한 핸드메이드 소품들이 모여 있는 기념품 편집숍이다. ‘머이서’ 는 ‘뭐있어’의 제주 방언으로 제주 모이소는  “제주도에 특별한 거 뭐가 있을까?”에서 시작됐다. 제주의 특별한 추억과 감성을 느끼는 동시에 호기심 불러일으키는 특별하고 독특한 제품들을 소개하고자 만들어졌다. 제주 정신과 혼이 있는 작가들이 커갈 수 있는 환경을 위해 공방 공간 대여  프로젝트 서포트 및 수공예 작가들과 함께하는 전시  체험  플리마켓 진행 등 협업 프로그램을 운영하고 있다.,0507-1448-0005,,"도자기, 캔들, 방향제, 디퓨져, 패브릭소품, 문구류, 디자인소품 등",,,,10:00~20:00,연중무휴,"1~2층 소품샵 및 카페 / 3~4층 작가들의 공방, 숙소로 이루어진 복합문화공간",불가,,없음,,가능,각층별로 남/녀 화장실 있음,"입점브랜드:할방이  카키무드  강생이몽  엔게디  소미경한복 등 		

"
2755023,모슬포중앙시장,63510,,,제주특별자치도 서귀포시 대정읍 영서중로13번길 9-8 ,33.2220012575,126.2545860621,모슬포 중앙시장은 서귀포시 대정읍에 위치해 있으며 최근 TV 프로그램 ‘바퀴 달린 집’ 제주 편에서 출연진이 방문한 곳으로 유명하다. 규모가 크지 않아 작은 시골 시장 모습 그대로이다. 주로 동네 주민들이 많이 이용하고 지역 경제 활성화를 위해 깔끔하게 정비되어 이용하기 편리하다. 바닷가 동네에 위치한 만큼 신선한 수산물과 각종 생활용품을 판매하는 상점들이 골고루 분포되어 있으며  녹두빈대떡은 물론 성게 김밥을 판매하는 식당도 인기다. 하모리 오거리를 지나 모슬포항과 인접해 있어 해안 가 산책도 추천한다.,064-794-2586,,"수산물, 과일, 생활용품",,,상설 시장,점포별 상이함,,,주차가능,,없음,가능,가능,가능 (남녀구분),
2785877,팰롱팰롱빛나는,63047,,,제주특별자치도 제주시 애월읍 애월해안로 474 ,33.4776578999,126.355007741,제주 애월읍에 있는 소품샵 ‘팰롱팰롱빛나는’은 사랑스러운 분홍색 외관부터 눈길을 사로잡는다. 팰롱팰롱은 ‘반짝반짝’의 제주말이다. 이곳에서는 제주 여행을 특별하게 기억할 수 있는 다양한 종류의 기념품과 소품을 판매한다. 특히 직접 만든 비누가 대표 상품인데 한라산과 돌하르방  한라봉처럼 제주 하면 떠오르는 풍경이나 특산품을 모양 그대로 만들어 색다른 기념품이 된다. 그뿐만 아니라 ‘월정 밤바다’  ‘그해 여름 함덕’처럼 이곳만의 감성을 가득 담은 디자인도 인상적이다. 또 수제비누는 직접 향을 맡아보거나 테스터를 사용해 볼 수 있어 고르는데 부담감이 없다.,0507-1398-1413,,수제비누 등,,,,10:00~18:00,휴무 시 인스타그램 공지,,가능,,없음,,없음,,
2788197,유키효잡화점,63170,,,제주특별자치도 제주시 남성로 160 (삼도이동) ,33.5092487261,126.5224563532,아름다운 해변과 다채로운 볼거리를 자랑하는 제주 월정리에 자리한 수제 모자 전문점이다. 아버지의 기술을 물려받은 딸이 2대째 모자를 만들고 있다. 다양한 패턴과 소재  색감을 감각적인 디자인으로 녹여내 누구나 자신의 취향에 꼭 맞는 모자를 만날 수 있다. 원하는 디자인이나 소재  사이즈가 있다면 맞춤 제작도 가능하다. 모자 외에도 반다나와 헤어밴드  앞치마  의류 등의 제품들도 직접 만들어 판매한다. 동백꽃이나 유채꽃처럼 제주의 감성을 그대로 녹여낸 제품들도 있어서 기념품으로 구입하기에도 좋다. 매장 규모는 크지 않지만 오픈형 구조에 자유롭게 모자를 써볼 수 있어 부담 없이 들르기 좋다.,010-4446-8840,,"모자, 헤어밴드 등",,,,10:00 ~ 19:00,연중무휴,,가능<br>요금 (무료),,없음,,없음,,
2903378,뉴에라_신제주점,63131,,,제주특별자치도 제주시 신광로 68 ,33.4862368639,126.4897458297,-,010-9488-5566,,"기타 패션 및 의류,악세서리",,월~일요일,,10:30-23:00,,환급서비스 제공방식 : 사후,불가능,,,,가능,,
2903432,그라벨호텔_제주점,63069,,,제주특별자치도 제주시 일주서로 7316 1층(외도일동) ,33.4924157657,126.4286648899,-,064-740-8000,,기타 소매,,월~일요일,,00:00-24:00,,환급서비스 제공방식 : 사후,가능,,,,가능,완비,
2903640,헤지스골프 신제주,63133,,,제주특별자치도 제주시 노연로 112 ,33.4857258469,126.4921039691,-,064-749-1811,,스포츠 용품 및 의류,,월~일요일,,12:00-21:30,명절,환급서비스 제공방식 : 사후,불가능,,,,가능,,
2789355,바람,63358,,,제주특별자치도 제주시 구좌읍 월정1길 46-9 ,33.555195199,126.7927818175,제주 월정리에 자리한 소품 숍 겸 카페다. 마치 휴양지의 소품가게를 떠올리게 할 만큼 이국적인 분위기로 꾸며진 이곳은 브런치와 가벼운 음료를 마실 수 있는 카페도 겸하고 있다. 연두색 지붕과 감각적으로 꾸며진 앞마당이 눈길을 사로잡는 바람은 주택을 리모델링해 신발을 벗고 들어서는 구조이다. 가게 내부에는 화려한 색감의 옷이나 독특한 디자인의 모자  개성 넘치는 소품들로 가득 채워져 있다. 곳곳에 초록색 식물들을 배치해 싱그러운 활기가 넘친다.,010-2062-1456,,"제주기념품, 잡화",,,,10:00~18:00,"매주 월요일, 화요일",,가능,,없음,,없음,,
2791430,불란지야시장,63546,,,제주특별자치도 서귀포시 중문상로17번길 4 (중문동),33.2503230129,126.4240235083,불란지 야시장은 중문 오일장 초입에 자리하고 있는 곳이다. 불란지는 반딧불이의 제주 사투리로  중문에 어둠이 깔릴 때 불이 켜진다. 싱싱한 활어회부터 파전  토스트  두루치기에 고기 국수까지  가격과 입맛에 따라 음식을 골라 먹을 수 있는 재미가 있는 곳이다. 야시장에는 8개 정도의 식당이 모여 있는데  실내보다는 야외 공간이 특히 인기 있다. 마음에 드는 야외 테이블에 자리 잡고 먹고 싶은 음식들을 각 식당에 주문한 뒤 먹으면 된다.,064-740-6000,,"활어회, 토스트, 파전, 두루치기 등",,,매일 운영,18:00 ~ 02:00,연중무휴 (점포별 상이),,주차가능,,없음,,가능,,"입점브랜드:식당. 야시장		

"
2819519,소길별하,63037,,,제주특별자치도 제주시 소길남길 34-37 ,33.4305189809,126.374423779,"JTBC <효리네 민박>을 통해 공개된 이상순·이효리 부부의 신혼집이 아직 잘 알려지지 않은 지역 브랜드와 친환경 제품 등 다양한 상품을 판매하는 제주 로컬 브랜드 스토어 '소길별하'로 탈바꿈하였다. 방송에서 소개되었던 벽난로  식탁 등의 공간이 곳곳에 그대로 존재하고 있으며 거실  침실  주방  샤워실 등의 공간은 상품 전시 공간으로 꾸며졌다.
친환경 생활용품부터 핸드메이드 가방  그릇  디퓨저까지 종류도 다양하다. 소길별하는 매시간 정해진 인원만 입장 가능한 예약제로 운영되고 있다. 이용 시간이 한 시간으로 정해져 있으므로 작품 관람  구매  커피타임에 사용할 시간을 미리 잘 분배해야 한다.",0507-1430-4838,,,,,,12:00~17:00,매주 수요일,,가능 (무료),,,,,,
2852532,선물가게 바나나,63534,,,제주특별자치도 서귀포시 일주서로 875 ,33.2580637163,126.4171378214,선물가게 바나나는 제주 중문관광단지 입구 삼거리에 위치하고 있다. 제주 감성 소품 샵으로 제주와 관련된 당근 모자  기념 티셔츠와 같은 패션 소품  메모지  포스트잇 등의 지류  문구용품  머그잔  비누  향초  마그네틱 등 다양한 기념품을 판매하고 있다. 매장 한편에는 카페도 운영되고 있으며 보틀 와인 및 제주에서 생산하는 가공식품류도 함께 판매하고 있다. 주변 여행지로 베릿내오름  중문색달해수욕장 등이 있다.,0507-1337-2540,,인형 / 키링 / 모자 / 잡화 / 기념품 등,,,,10:30~21:30,연중무휴,,가능 (제1주차장 40여 대 / 제2주차장 30여 대)<br>요금 무료,,,,,,
2904020,PXG 제주연동,63138,,,"제주특별자치도 제주시 연북로 78, 1층(연동, 성남빌딩) ",33.4815707123,126.4896376117,-,064-747-0107,,"남성의류,악세서리,여성의류",,월~일요일,,10:00-21:00,명절,환급서비스 제공방식 : 사후,가능,,,,가능,완비,
2904947,신한온누리약국,63129,,,"제주특별자치도 제주시 도령로 74(연동,1층) ",33.4897891943,126.4863238246,-,064-744-1783,,기타 소매,,월~토요일,,08:30-20:30,명절,환급서비스 제공방식 : 사후,불가능,,,,가능,,
2905231,PXG제주,63138,,,"제주특별자치도 제주시 연북로 78, 1층(연동, 성남빌딩) ",33.4815707123,126.4896376117,-,064-747-0107,,스포츠 용품 및 의류,,월~일요일,,10:00-20:30,,환급서비스 제공방식 : 사후,불가능,,,,가능,,
2905428,에스마켓 제주연동,63124,,,제주특별자치도 제주시 신광로 39(연동) ,33.4886116107,126.4903318363,-,064-712-7670,,"스포츠 용품 및 의류,신발",,월~일요일,,10:00-21:30,명절,환급서비스 제공방식 : 사후,불가능,,,,가능,,
2870862,신양상회,63001,,,제주특별자치도 제주시 추자로 563 ,33.9452527308,126.326855112,신양상회는 제주 하추자도 신양항 앞에 있다. 현재까지 4대째 운영하고 있는 100년 넘은 구멍가게로 추자도 명소이기도 하다. 물건이 쌓여 있는 작은 가게에서 컵라면을 고르면 따뜻한 물을 부어 주는데 이것을 신양항에 가지고 나가서 먹는 것도 별미다. 제주올레 18-1코스 지나는 길에 있어 신양상회 컵라면이 여행자 사이에 알려지기 시작했고  최근 노란색으로 도색해 눈에 잘 띈다. 주변 여행지로 신양항  황경한의 묘  예초 포구  돈대산 등이 있다.,,,컵라면/과자,,,,09:00~16:00,연중무휴,,불가능,,,,,,
2905446,나이키칠성점,63277,,,제주특별자치도 제주시 칠성로길26 ,33.5142871072,126.525575412,-,064-702-2131,,"가죽 제품 및 가방,스포츠 용품 및 의류,신발",,월~일요일,,10:00-22:00,,환급서비스 제공방식 : 사후,불가능,,,,가능,,
2905447,아디다스 제주연동,63123,,,제주특별자치도 제주시 신광로 63 (연동) ,33.4865201736,126.4902207818,-,010-9488-5566,,스포츠 용품 및 의류,,월~일요일,,10:30-23:00,,환급서비스 제공방식 : 사후,불가능,,,,가능,,
2905452,아트박스 제주시청,63207,,,제주특별자치도 제주시 중앙로 232(이도이동) ,33.4989166576,126.5300253744,-,064-756-0789,,기타 소매,,월~일요일,,11:00-22:30,,환급서비스 제공방식 : 즉시+사후,불가능,,,,가능,,
2905453,나이키서귀포점,63595,,,제주특별자치도 서귀포시 이중섭로 3 1층 ,33.2478032878,126.5644225043,-,064-763-2131,,"남성의류,신발,여성의류",,월~일요일,,10:00-22:00,,환급서비스 제공방식 : 사후,불가능,,,,가능,,
2905595,탑텐 제주중앙,63277,,,제주특별자치도 제주시 칠성로길 19 (일도이동) ,33.5143509796,126.5249921283,-,064-721-4222,,"남성의류,여성의류",,월~일요일,,10:30-22:00,,환급서비스 제공방식 : 사후,불가능,,,,가능,완비,
2906140,노스페이스 제주칠성,63277,,,제주특별자치도 제주시 관덕로11길 2 ,33.5134177579,126.5255198808,-,064-724-4112,,"가죽 제품 및 가방,스포츠 용품 및 의류,신발",,월~일요일,,10:00-21:00,명절,환급서비스 제공방식 : 사후,불가능,,,,가능,,
2906542,이니스프리 제주시청,63207,,,제주특별자치도 제주시 광양14길 3(이도이동) ,33.4982306252,126.5302198177,-,064-702-2442,,향수 및 화장품,,월~일요일,,10:00-23:30,,환급서비스 제공방식 : 사후,불가능,,,,가능,,
2907184,모이몰른 제주지하,63168,,,"제주특별자치도 제주시 중앙로 지하 60, 262호 ",33.5131899914,126.5246421845,-,064-759-8858,,아동의류,,월~일요일,,10:30-21:00,명절,환급서비스 제공방식 : 사후,불가능,,,,가능,완비,
2907285,다이소 제주연동,63122,,,제주특별자치도 제주시 신대로 105 ,33.4879617867,126.496878504,-,,,"가구 및 홈데코,가든 및 DIY,기타 소매",,월~일요일,,10:00-22:00,,환급서비스 제공방식 : 사후,가능,,,,가능,,
2907528,비지트인뉴욕 제주칠성,63277,,,"제주특별자치도 제주시 관덕로11길 17(일도일동, 2층) ",33.5146842793,126.5251809922,-,064-759-1583,,여성의류,,월~일요일,,10:30-21:00,명절,환급서비스 제공방식 : 사후,가능,,,,가능,완비,
2907684,셀덴,63168,,,제주특별자치도 제주시 중앙로 60 제주중앙지하상가 249호 ,33.5128678018,126.5244505422,-,064-722-6742,,아동의류,,월~일요일,,10:00-21:00,명절,환급서비스 제공방식 : 즉시+사후,불가능,,,,가능,완비,
2906714,포스트아일랜드,63166,,,제주특별자치도 제주시 칠성로길 5 ,33.5136149269,126.5235700457,포스트 아일랜드는 제주의 대표 쇼핑상권인 칠성로에 자리하고 있다. 핸드메이드 감성 소품 샵으로 제주도 내 작가들이 만든 수공예 작품을 주로 판매한다. 뜨개 가방  손수건  티셔츠  마스크 같은 패브릭 제품과 비누  향초  모빌 등의 소품  마스킹테이프  지류 등 문구류 등 제주 기념품을 판매한다. 페트병으로 만든 기능성 패브릭으로 만든 에코백 등 친환경 제품도 있으며 이따금 원데이클래스나 협업 작가들의 플리마켓도 진행한다. 1회용 페트병 줄이기 캠페인 '지구별 약수터'로 누구나 개인 컵  텀블러를 가져오면 물을 준다.,064-758-4101,,가방 / 손수건 / 비누 / 초 / 티셔츠 / 문구류 등,,,,11:00~18:00,"매주 일요일, 공휴일",,불가,,,,,,
2907769,프리페어 칠성점,63277,,,제주특별자치도 제주시 중앙로7길 19 ,33.5150009342,126.5266558572,-,064-724-4959,,기타 패션 및 의류,,월~일요일,,11:00-21:30,,환급서비스 제공방식 : 사후,불가능,,,,가능,,
2908659,트리플,63124,,,제주특별자치도 제주시 신광로 43 1층 ,33.4882422048,126.490184635,-,070-8860-4959,,"남성의류,여성의류",,월~토요일,,10:00-22:00,명절,환급서비스 제공방식 : 사후,불가능,,,,가능,,
2908746,파리게이츠신제주점,63086,,,제주특별자치도 제주시 연북로 20 ,33.4817205976,126.4834548122,-,064-746-8289,,스포츠 용품 및 의류,,월~일요일,,10:00-21:00,명절,환급서비스 제공방식 : 사후,불가능,,,,가능,완비,
2909385,라코스테라이브,63277,,,제주특별자치도 제주시 관덕로11길 12 ,33.5140787968,126.5255643063,-,064-753-2777,,"기타 패션 및 의류,남성의류,여성의류",,월~일요일,,10:00-22:00,명절,환급서비스 제공방식 : 사후,불가능,,,,가능,,
2909701,정관장 제주광양,63197,,,제주특별자치도 제주시 동광로 5 ,33.501319165,126.5297197902,-,064-753-2304,,"향수 및 화장품,기타 소매",,월~일요일,,09:30-20:30,명절,환급서비스 제공방식 : 사후,가능,,,,가능,완비,
2910167,제원마트,63131,,,제주특별자치도 제주시 신광로 52 ,33.4875033892,126.4896513648,-,064-749-0445,,"식료품,기타 소매",,월~일요일,,01:00~24:00,,환급서비스 제공방식 : 사후,가능,,,,가능,완비,
2910550,일루이 제주연동,63129,,,제주특별자치도 제주시 신광로 46 (연동) ,33.4880033381,126.4899207743,-,064-745-3211,,"보석(장신구),시계",,월~일요일,,10:00-23:00,,환급서비스 제공방식 : 사후,불가능,,,,가능,,
2910771,네이처컬렉션 제주연동점,63124,,,제주특별자치도 제주시 연동7길 19 ,33.488200553,126.4908290248,-,064-748-4424,,향수 및 화장품,,월~일요일,,10:00-23:00,,환급서비스 제공방식 : 사후,불가능,,,,가능,,
2910840,휠라 제주칠성,63277,,,"제주특별자치도 제주시 칠성로길 18, 1층 1호 ",33.51405379,126.5249671372,-,064-752-1132,,"스포츠 용품 및 의류,신발",,월~일요일,,10:00-21:30,명절,환급서비스 제공방식 : 사후,불가능,,,,가능,,
2910866,NBA 제주연동,63123,,,제주특별자치도 제주시 신광로 61 ,33.4866479357,126.4901152327,-,064-711-4564,,스포츠 용품 및 의류,,월~일요일,,10:30-22:00,,환급서비스 제공방식 : 사후,불가능,,,,가능,,
2911139,EW 폴더 제주,63277,,,제주특별자치도 제주시 관덕로11길 5 ,33.5137177203,126.5252143454,-,064-759-9302,,"가죽 제품 및 가방,스포츠 용품 및 의류,신발",,월~일요일,,11:00-22:00,,환급서비스 제공방식 : 사후,불가능,,,,가능,,
2911202,뉴발란스 신제주,63124,,,제주특별자치도 제주시 신광로 33(연동) ,33.4892198752,126.4902290534,-,064-711-8788,,"가죽 제품 및 가방,기타 패션 및 의류,신발",,월~일요일,,10:30-22:30,,환급서비스 제공방식 : 사후,불가능,,,,가능,,
2911464,오후 제주지하,63168,,,"제주특별자치도 제주시 중앙로 지하60 (일도일동) 265,266호",33.5131899914,126.5246421845,-,064-722-7294,,아동의류,,월~일요일,,10:00-20:30,,환급서비스 제공방식 : 사후,불가능,,,,가능,완비,
2911505,뉴독일안경원,63086,,,제주특별자치도 제주시 연북로10 ,33.4817261341,126.4822826917,-,064-742-5469,,안경,,월~일요일,,09:30~20:20,명절,환급서비스 제공방식 : 사후,가능,,,,가능,완비,
2911513,웨스트우드신제주점,63123,,,제주특별자치도 제주시 연동7길31 ,33.4870867881,126.4908707125,-,064-711-5627,,스포츠 용품 및 의류,,월~일요일,,10:00-22:00,명절,환급서비스 제공방식 : 사후,불가능,,,,가능,,
2911579,올리브영 제주동문시장,63192,,,제주특별자치도 제주시 관덕로 62-1(일도일동) ,33.5129983678,126.5259865165,-,064-757-7300,,향수 및 화장품,,월~일요일,,09:30-22:00,,환급서비스 제공방식 : 즉시+사후,불가능,,,,가능,,
2912373,네이처컬렉션 제주롯데시티,63127,,,"제주특별자치도 제주시 도령로 73, 109호(연동, 펠리체아파트) ",33.4901447049,126.4859599589,-,064-712-3639,,향수 및 화장품,,월~일요일,,10:00-22:00,명절,환급서비스 제공방식 : 즉시+사후,불가능,,,,가능,,
2912411,올리브영 제주외도,63070,,,제주특별자치도 제주시 우정로 79 ,33.4856137801,126.4311231627,-,064-747-5290,,"향수 및 화장품,기타 소매",,월~일요일,,11:00-22:30,명절,환급서비스 제공방식 : 사후,가능,,,,가능,,
2912415,탑텐 제주연동,63084,,,제주특별자치도 제주시 연북로 21 ,33.4824316322,126.4835658974,-,064-743-4353,,"남성의류,악세서리,여성의류",,월~일요일,,10:00-22:00,,환급서비스 제공방식 : 사후,불가능,,,,가능,완비,
2912462,PVH CK진 제주칠성,63277,,,제주특별자치도 제주시 중앙로7길 9 ,33.5150509138,126.5257142714,-,064-727-7007,,"남성의류,여성의류",,월~일요일,,10:00-22:00,,환급서비스 제공방식 : 사후,불가능,,,,가능,,
2912486,PVH CK언더웨어 제주칠성,63277,,,제주특별자치도 제주시 칠성로길 20 ,33.5141537814,126.5251115659,-,064-722-9114,,란제리(속옷),,월~일요일,,10:30-21:00,명절,환급서비스 제공방식 : 사후,불가능,,,,가능,,
2912507,쌤소나이트 제주칠성,63192,,,"제주특별자치도 제주시 중앙로 67, 1호(이도일동) ",33.512159552,126.5247560869,-,0507-1305-4083,,기타 소매,,화~일요일,,10:00-20:30,월요일,환급서비스 제공방식 : 사후,불가능,,,,가능,,
2912717,쉬즈미스 제주칠성,63277,,,"제주특별자치도 제주시 관덕로11길 17(일도일동, 2층) ",33.5146842793,126.5251809922,-,064-757-1583,,여성의류,,수~월요일,,10:30-21:00,명절,환급서비스 제공방식 : 즉시,가능,,,,가능,완비,
2912737,뉴발란스키즈 제주칠성,63277,,,제주특별자치도 제주시 칠성로길 20-1 ,33.5141898893,126.5252087795,-,064-753-4565,,아동의류,,월~일요일,,10:00-21:00,명절,환급서비스 제공방식 : 사후,불가능,,,,가능,,
2913366,생생약국 제주노형,63082,,,"제주특별자치도 제주시 원노형남1길 1, 1층(노형동, 더현빌딩) ",33.4840369648,126.4807411062,-,064-711-1788,,기타 소매,,월~일요일,,09:00-21:00,명절,환급서비스 제공방식 : 사후,가능,,,,가능,완비,
2913479,JDX 제주도남,63235,,,"제주특별자치도 제주시 연북로 436, 1층, 2층(도남동) ",33.479524328,126.5280343203,-,064-722-0840,,"남성의류,스포츠 용품 및 의류,여성의류",,월~일요일,,10:00-21:00,명절,환급서비스 제공방식 : 사후,가능,,,,가능,완비,
2913804,올리브영 제주하귀,63053,,,제주특별자치도 제주시 애월읍 하귀로 121 1층 (하귀로 121) ,33.484238576,126.4086584817,-,064-742-5290,,"향수 및 화장품,기타 소매",,월~일요일,,10:00-22:00,명절,환급서비스 제공방식 : 사후,가능,,,,가능,완비,
2913989,롯데하이마트 제주점,63168,,,제주특별자치도 제주시 서사로 15 ,33.5109846085,126.5201620688,-,064-723-3066,,전자제품,,월~일요일,,10:00-21:00,,환급서비스 제공방식 : 사후,가능,,,,가능,완비,
2914259,광명당안경원,63192,,,제주특별자치도 제주시 관덕로60 ,33.5129705882,126.5257226509,-,064-758-7094,,안경,,월~토요일,,09:00-20:30,3주 일요일,환급서비스 제공방식 : 즉시+사후,가능,,,,가능,완비,
2914777,글라스스토리 제주칠성,63192,,,제주특별자치도 제주시 중앙로 63(이도일동) ,33.5125817287,126.5248227386,-,064-702-1001,,안경,,월~일요일,,09:00-21:00,명절,환급서비스 제공방식 : 사후,가능,,,,가능,완비,
2914960,바인드,63277,,,제주특별자치도 제주시 관덕로11길7 ,33.5137760488,126.5253310001,-,064-721-7293,,"남성의류,악세서리,여성의류",,월~일요일,,10:30-21:00,,환급서비스 제공방식 : 사후,불가능,,,,가능,,
2915071,팬텀골프 신제주,63124,,,제주특별자치도 제주시 신대로12길 56 ,33.4890226809,126.4906151358,-,064-712-7218,,스포츠 용품 및 의류,,월~일요일,,11:00-22:00,명절,환급서비스 제공방식 : 사후,불가능,,,,가능,,
2916457,아트박스 제주연동,63123,,,제주특별자치도 제주시 신대로14길 51(연동) ,33.4877506049,126.4909595785,-,064-745-5900,,기타 소매,,월~일요일,,11:30-23:00,,환급서비스 제공방식 : 사후,불가능,,,,가능,,
2916519,아트박스 제주,63277,,,제주특별자치도 제주시 관덕로11길 1(일도일동) ,33.5135260741,126.5252115716,-,064-722-0788,,"악세서리,향수 및 화장품,기타 소매",,월~일요일,,10:30-22:00,명절,환급서비스 제공방식 : 사후,불가능,,,,가능,,
2916593,MLB키즈,63166,,,제주특별자치도 제주시 중앙로50-1 ,33.5137954785,126.5245477345,-,064-757-8280,,아동의류,,월~일요일,,10:30-21:30,명절,환급서비스 제공방식 : 사후,불가능,,,,가능,,
2917991,휠라키즈 제주칠성,63277,,,제주특별자치도 제주시 칠성로길 33 (일도일동) ,33.5145426465,126.5263586713,-,064-702-0006,,"스포츠 용품 및 의류,신발,기타 소매",,월~일요일,,10:30-21:00,명절,환급서비스 제공방식 : 사후,불가능,,,,가능,,
2918690,데쌍트신제주점,63131,,,제주특별자치도 제주시 신광로60 1층 ,33.4869062349,126.4897652572,-,064-711-0318,,스포츠 용품 및 의류,,월~일요일,,10:30-22:00,,환급서비스 제공방식 : 사후,불가능,,,,가능,,
2918702,지프 신제주점,63124,,,"제주특별자치도 제주시 신광로 33-1, 1층 (연동) ",33.4891087762,126.4902290559,-,064-749-4482,,스포츠 용품 및 의류,,월~일요일,,11:00-22:00,명절,환급서비스 제공방식 : 사후,불가능,,,,가능,,
2918719,스튜디오 톰보이,63131,,,제주특별자치도 제주시 신광로 50 ,33.4876589301,126.4898096807,-,064-746-6282,,여성의류,,월~일요일,,10:00-22:30,,환급서비스 제공방식 : 사후,불가능,,,,가능,,
2918724,캉골신제주점,63131,,,제주특별자치도 제주시 신광로48 ,33.4878061364,126.4898346753,-,064-713-1472,,"가죽 제품 및 가방,기타 패션 및 의류",,월~일요일,,10:00-23:00,,환급서비스 제공방식 : 사후,불가능,,,,가능,,
2922952,롯데하이마트 제주롯데마트점,63084,,,제주특별자치도 제주시 연북로 1 ,33.4823510557,126.4817021724,-,064-711-2030,,전자제품,,월~일요일,,10:00-21:00,"2주 금요일, 4주 토요일",환급서비스 제공방식 : 사후,가능,,,,가능,완비,
2923102,레노마골프 제주칠성,63277,,,제주특별자치도 제주시 관덕로11길 12 ,33.5140787968,126.5255643063,-,064-724-1456,,스포츠 용품 및 의류,,월~일요일,,10:00-22:00,,환급서비스 제공방식 : 사후,불가능,,,,가능,완비,
2923514,VANS 신제주,63124,,,"제주특별자치도 제주시 신광로 33-1, 1층 (연동) ",33.4891087762,126.4902290559,-,064-712-2206,,"가죽 제품 및 가방,기타 패션 및 의류,신발",,월~일요일,,11:30-23:00,,환급서비스 제공방식 : 사후,불가능,,,,가능,,
2923531,이니스프리 제주롯데시티,63129,,,"제주특별자치도 제주시 삼무로 2(연동,1층) ",33.4898169772,126.4868321131,-,064-749-3639,,향수 및 화장품,,월~일요일,,10:00-23:00,,환급서비스 제공방식 : 즉시+사후,불가능,,,,가능,,
2923619,ABC마트 GS제주칠성,63277,,,제주특별자치도 제주시 관덕로11길 6 (일도일동) ,33.5137427234,126.5255782014,-,064-723-5989,,"가죽 제품 및 가방,스포츠 용품 및 의류,신발",,월~일요일,,10:30-22:00,,환급서비스 제공방식 : 사후,불가능,,,,가능,,
2923731,에스마켓 제주칠성,63277,,,제주특별자치도 제주시 관덕로11길 7(일도일동) ,33.5137760488,126.5253310001,-,064-723-7585,,"신발,악세서리",,월~일요일,,10:00-22:00,,환급서비스 제공방식 : 사후,불가능,,,,가능,,
2923735,EW 스파오 신제주,63129,,,제주특별자치도 제주시 신광로 42 ,33.4884810617,126.48983466,-,064-749-9591,,"가죽 제품 및 가방,남성의류,신발,여성의류",,월~일요일,,11:00-22:20,,환급서비스 제공방식 : 사후,불가능,,,,가능,,
2923784,이마트 신제주,63082,,,제주특별자치도 제주시 1100로 3348 (노형동) ,33.4850035196,126.480441111,-,064-7981-1234,,"식료품,전자제품",,월~일요일,,10:00-23:00,격주 2회,환급서비스 제공방식 : 사후,가능,,,,가능,완비,
2924345,나이키 제주칠성,63277,,,제주특별자치도 제주시 칠성로길 26 ,33.5142871072,126.525575412,-,064-702-2131,,"남성의류,신발,여성의류",,월~일요일,,10:00-22:00,,환급서비스 제공방식 : 사후,불가능,,,,가능,,
2924425,스케쳐스 제주연동,63131,,,제주특별자치도 제주시 신광로 68(연동) ,33.4862368639,126.4897458297,-,064-746-6526,,"스포츠 용품 및 의류,신발",,월~일요일,,10:00-23:00,,환급서비스 제공방식 : 사후,불가능,,,,가능,,
2924502,ABC마트 제주칠성점,63277,,,제주특별자치도 제주시 관덕로11길 6 ,33.5137427234,126.5255782014,-,064-803-3022,,"기타 패션 및 의류,스포츠 용품 및 의류,신발",,월~일요일,,10:30-22:00,,환급서비스 제공방식 : 사후,불가능,,,,가능,완비,
2924636,아디다스오리지날 제주칠성,63277,,,"제주특별자치도 제주시 중앙로7길 12, 1층(일도일동) ",33.5147731705,126.525953146,-,064-726-3100,,스포츠 용품 및 의류,,월~일요일,,10:00-22:00,,환급서비스 제공방식 : 사후,불가능,,,,가능,,
2924947,빈폴 제주칠성,63277,,,제주특별자치도 제주시 관덕로11길 15 ,33.514437087,126.5253337632,-,064-753-1828,,"가죽 제품 및 가방,남성의류,스포츠 용품 및 의류,악세서리,여성의류",,월~일요일,,10:00-21:00,명절,환급서비스 제공방식 : 사후,불가능,,,,가능,완비,
2925166,미주보석 제주연동,63124,,,제주특별자치도 제주시 신광로 41 ,33.4884671821,126.4903262843,-,064-747-9582,,보석(장신구),,월~일요일,,10:00-22:00,명절,환급서비스 제공방식 : 사후,불가능,,,,가능,,
2925633,이마트 제주,63165,,,제주특별자치도 제주시 탑동로 38 (삼도이동) ,33.5179949591,126.5211534899,-,064-729-1234,,"가구 및 홈데코,가죽 제품 및 가방,기타 패션 및 의류,스포츠 용품 및 의류,시계,아동의류",,월~일요일,,10:00-23:00,명절,환급서비스 제공방식 : 사후,가능,,,,가능,완비,
2925644,탑텐 신제주,63124,,,제주특별자치도 제주시 신광로 29 (연동) ,33.4895476186,126.49035959,-,064-711-1544,,기타 패션 및 의류,,월~일요일,,11:00-22:00,,환급서비스 제공방식 : 즉시+사후,불가능,,,,가능,,
2925669,ABC마트 ST제주연동,63129,,,제주특별자치도 제주시 삼무로 30(연동) ,33.4898170244,126.489798522,-,064-743-0092,,신발,,월~일요일,,11:30-23:00,,환급서비스 제공방식 : 사후,불가능,,,,가능,,
2925674,게스 제주칠성,63277,,,제주특별자치도 제주시 중앙로 39(일도일동) ,33.5148203706,126.5249226792,-,064-724-6300,,"남성의류,여성의류",,월~일요일,,10:00-21:30,명절,환급서비스 제공방식 : 사후,불가능,,,,가능,,
2925738,EW 스파오 제주칠성,63277,,,제주특별자치도 제주시 중앙로 53 ,33.5135732874,126.5249449273,-,064-901-1088,,"기타 패션 및 의류,남성의류,여성의류",,월~일요일,,11:00-22:00,,환급서비스 제공방식 : 사후,불가능,,,,가능,완비,
2926875,밀스스튜디오 제주칠성,63277,,,"제주특별자치도 제주시 관덕로11길 17(일도일동, 2층) ",33.5146842793,126.5251809922,-,064-722-6189,,"신발,악세서리,여성의류",,월~일요일,,10:30~21:00,명절,환급서비스 제공방식 : 사후,가능,,,,가능,완비,
2929365,MLB 제주칠성,63277,,,제주특별자치도 제주시 중앙로7길 9(일도일동) ,33.5150509138,126.5257142714,-,064-702-4466,,"남성의류,여성의류",,월~일요일,,10:00-22:00,명절,환급서비스 제공방식 : 사후,불가능,,,,가능,,
2929963,아디다스키즈 제주칠성,63277,,,"제주특별자치도 제주시 중앙로7길 12, 1층(일도일동) ",33.5147731705,126.525953146,-,064-757-3812,,스포츠 용품 및 의류,,월~일요일,,10:00~22:00,,환급서비스 제공방식 : 사후,불가능,,,,가능,,
2930267,컬럼비아 신제주,63131,,,제주특별자치도 제주시 신광로 50(연동) ,33.4876589301,126.4898096807,-,064-744-0860,,스포츠 용품 및 의류,,월~일요일,,10:00-22:00,,환급서비스 제공방식 : 사후,불가능,,,,가능,,
2930569,원더플레이스 제주칠성,63277,,,제주특별자치도 제주시 관덕로11길 17(일도1동) ,33.5146842793,126.5251809922,-,064-724-1012,,"가죽 제품 및 가방,남성의류,여성의류",,월~일요일,,10:30-22:00,명절,환급서비스 제공방식 : 즉시+사후,가능,,,,가능,완비,
2930611,홈플러스 서귀포,63585,,,제주특별자치도 서귀포시 중앙로 180 (동홍동) 홈플러스서귀포점 ,33.2605268127,126.5599337186,-,064-731-8121,,"가구 및 홈데코,가든 및 DIY,가죽 제품 및 가방,기념품점,기타 패션 및 의류,남성의류,란제리(속옷),스포츠 용품 및 의류,식료품,신발,아동의류,안경,여성의류,전자제품,향수 및 화장품,기타 소매",,월~일요일,,10:00-23:00,"2주 금요일, 4주 토요일",환급서비스 제공방식 : 사후,가능,,,,가능,완비,
2930613,데상트골프 제주연동,63133,,,"제주특별자치도 제주시 노연로 94, 1층 102호 103호(연동) ",33.485745259,126.490212467,-,064-746-2589,,스포츠 용품 및 의류,,월~일요일,,10:00-22:00,명절,환급서비스 제공방식 : 사후,불가능,,,,가능,,
2930722,에메필 신제주,63124,,,제주특별자치도 제주시 연동7길 20(연동) ,33.4882783183,126.4905845996,-,064-742-0970,,란제리(속옷),,월~일요일,,12:00~23:00,명절,환급서비스 제공방식 : 사후,불가능,,,,가능,,
2930778,데상트 제주칠성,63277,,,제주특별자치도 제주시 일도일동 1358-3 ,33.5136232863,126.5252199027,-,064-722-2530,,"가죽 제품 및 가방,스포츠 용품 및 의류,신발",,월~일요일,,10:30-21:30,명절,환급서비스 제공방식 : 사후,불가능,,,,가능,,
2930892,제시뉴욕 제주연동,63123,,,제주특별자치도 제주시 연동 273-13 ,33.4868229165,126.490120784,-,010-8280-8423,,여성의류,,월~일요일,,11:00-22:00,명절,환급서비스 제공방식 : 사후,불가능,,,,가능,완비,
2930923,더페이스샵 제주서귀,63595,,,제주특별자치도 서귀포시 중정로 68(서귀포) ,33.2478338275,126.5636253507,-,064-733-1052,,향수 및 화장품,,월~일요일,,10:00-22:00,,환급서비스 제공방식 : 사후,가능,,,,가능,완비,
2931100,에스마켓 제주서귀,63591,,,제주특별자치도 서귀포시 중정로61번길 1(서귀동) ,33.2480615672,126.5628115272,-,064-732-7580,,신발,,월~일요일,,10:00-22:00,,환급서비스 제공방식 : 사후,불가능,,,,가능,,
2931335,라코스테 제주,63277,,,제주특별자치도 제주시 관덕로11길 8 ,33.513870487,126.5255948641,-,064-753-0904,,"가죽 제품 및 가방,남성의류,여성의류",,월~일요일,,10:00-22:00,명절,환급서비스 제공방식 : 사후,불가능,,,,가능,,
2931360,올리브영 제주한라병원,63127,,,"제주특별자치도 제주시 도령로 73 연동 펠리체 111호, 203호, 205호 ",33.4901447049,126.4859599589,-,,,향수 및 화장품,,월~일요일,,10:30~22:30,,환급서비스 제공방식 : 즉시+사후,불가능,,,,가능,,
2931437,PVH CK언더웨어 제주연동,63129,,,제주특별자치도 제주시 신광로 44 ,33.4883449657,126.4898402183,-,,,란제리(속옷),,월~일요일,,10:00~21:00,,환급서비스 제공방식 : 사후,불가능,,,,가능,,
2931524,에스티코 신제주,63129,,,제주특별자치도 제주시 신광로 40(연동) ,33.4886310461,126.4898985398,-,064-753-4882,,"기타 패션 및 의류,남성의류,신발",,월~일요일,,11:00~22:00,명절,환급서비스 제공방식 : 사후,불가능,,,,가능,,
2931605,올리브영 서귀포강정지구,63559,,,제주특별자치도 서귀포시 대청로 37 ,33.2527962195,126.5036943219,-,064-738-5290,,향수 및 화장품,,월~일요일,,11:00-22:00,명절,환급서비스 제공방식 : 사후,불가능,,,,가능,,
2931669,뉴발란스 구제주,63277,,,제주특별자치도 제주시 관덕로11길 16(일도일동) ,33.5145176376,126.5256309577,-,064-722-7226,,"가죽 제품 및 가방,스포츠 용품 및 의류,신발",,월~일요일,,10:00~22:00,,환급서비스 제공방식 : 사후,불가능,,,,가능,,
2931671,블랙야크타운 제주서귀,63591,,,제주특별자치도 서귀포시 중앙로 54(서귀동) ,33.2493836271,126.5618060283,-,064-732-0454,,"남성의류,여성의류",,월~일요일,,10:00~21:30,명절,환급서비스 제공방식 : 사후,가능,,,,가능,완비,
2931727,아리따움 제주노형,63086,,,"제주특별자치도 제주시 원노형로 82 (노형동,1층) ",33.4814512005,126.4845769428,-,,,향수 및 화장품,,월~일요일,,10:00~21:00,,환급서비스 제공방식 : 사후,불가능,,,,가능,,
2931775,고려홍삼 제주연동,63124,,,제주특별자치도 제주시 제주시 신광로 27(연동) ,33.4897142665,126.4903318113,-,064-747-3389,,기타 소매,,월~일요일,,10:00-21:30,명절,환급서비스 제공방식 : 사후,불가능,,,,가능,,
2931852,정관장 제주동홍,63589,,,"제주특별자치도 서귀포시 일주동로 8545(동홍동,인화빌딩1층) ",33.2545860428,126.5751380895,-,064-762-0389,,기타 소매,,월~토요일,,10:00~20:30,일요일,환급서비스 제공방식 : 사후,가능,,,,가능,완비,
2932050,휠라키즈 신제주,63123,,,제주특별자치도 제주시 신광로 51 (연동) ,33.4875478372,126.4901818731,-,064-757-5587,,"신발,아동의류",,월~일요일,,11:00~23:00,,환급서비스 제공방식 : 사후,불가능,,,,가능,,
2953017,제주수울 (JEJUSUUL),63154,,,제주특별자치도 제주시 서문로 72-1 ,33.5120650209,126.5186677297,"전통주 소믈리에가 직접 운영하는 제주도 전통주 로컬술 바틀샵 & 오프라인 쇼룸이다.  나에게 딱 맞는 제주도술을 큐레이션 및 추천해주는 곳이다. 
60가지가 넘는 제주도 전통주 로컬술에 대한 스토리텔링부터 시즌별로 운영되는 시음기회도 제공하고 있다.  
제주도 술을 주제로 마련된 제주술례길을 함께 걸으며 다양한 제주도 술을 만나볼 수 있다.",0507-1419-3023,,"제주도 전통주, 진짜 제주도 로컬술",,,,10:00~19:00<br>휴게시간 12:00~13:00,연중무휴,,가능(성내지구주차장)<br>요금(최초 30분 무료),,없음,,가능,있음,
3305345,오렌즈,63123,,,제주특별자치도 제주시 신광로 63-1 (연동) ,33.4863896316,126.4901207938,-,064-711-5709,,안경,,월~일요일,,10:00~20:00,,환급서비스 제공방식 : 즉시+사후,불가능,,,,가능,,
3305644,maje 신세계사이먼 제주아울렛,63522,,,제주특별자치도 서귀포시 안덕면 신화역사로304번길 38 ,33.3072595277,126.3197479556,-,064-907-1487,,기타 소매,,월~일요일,,10:30~21:00,명절,환급서비스 제공방식 : 사후,가능,,,,가능,완비,
3305715,톡스앤필의원,63083,,,제주특별자치도 제주시 노형로 378 (노형동) ,33.4836202739,126.4763137232,-,064-711-4842,,기타 소매,,월~토요일,,10:00~19:00,,환급서비스 제공방식 : 사후,가능,,,,가능,완비,
3305767,보스 신세계사이먼 제주아울렛,63522,,,제주특별자치도 서귀포시 안덕면 신화역사로304번길 38 ,33.3072595277,126.3197479556,-,064-907-1529,,"기타 패션 및 가방,남성의류,여성의류",,월~일요일,,10:30~21:00,명절,환급서비스 제공방식 : 즉시+사후,가능,,,,가능,완비,
3305785,세인트앤드류스,63522,,,제주특별자치도 서귀포시 안덕면 신화역사로304번길 38 ,33.3072595277,126.3197479556,-,064-907-1475,,"남성의류,여성의류",,월~일요일,,10:30~21:00,명절,환급서비스 제공방식 : 즉시,가능,,,,가능,완비,
3305854,프리페어,63131,,,제주특별자치도 제주시 신광로 62 (연동) ,33.4867090362,126.4898708078,-,064-749-4959,,여성의류,,월~일요일,,10:00~20:00,,환급서비스 제공방식 : 즉시+사후,불가능,,,,가능,,
3305879,토즈 신세계사이먼 제주아울렛,63522,,,제주특별자치도 서귀포시 안덕면 신화역사로304번길 38 ,33.3072595277,126.3197479556,-,064-907-1520,,"가죽 제품 및 가방,신발",,월~일요일,,10:30~21:00,명절,환급서비스 제공방식 : 즉시+사후,가능,,,,가능,완비,
3305914,로에베 신세계사이먼 제주아울렛,63522,,,제주특별자치도 서귀포시 안덕면 신화역사로304번길 38 ,33.3072595277,126.3197479556,-,064-907-1533,,"가죽 제품 및 가방,기타 패션 및 의류,신발",,월~일요일,,10:30~21:00,명절,환급서비스 제공방식 : 사후,가능,,,,가능,완비,
3305959,원더랜드스페셜,63131,,,제주특별자치도 제주시 신광로 52 (연동) ,33.4875033892,126.4896513648,-,064-749-0071,,"남성의류, 여성의류",,월~일요일,,10:30~20:30,,환급서비스 제공방식 : 즉시+사후,불가능,,,,가능,,
3306086,S I 빌리지 신세계사이먼 제주아울렛,63522,,,제주특별자치도 서귀포시 안덕면 신화역사로304번길 38 ,33.3072595277,126.3197479556,-,064-907-1523,,"기타 패션 및 의류,여성의류",,월~일요일,,10:30~21:00,명절,환급서비스 제공방식 : 사후,가능,,,,가능,완비,
3306117,와인피부과,63091,,,제주특별자치도 제주시 1100로 3178 (노형동) ,33.4702718897,126.4850299343,-,064-712-6200,,기타 소매,,월~토요일,,10:00~19:00,,환급서비스 제공방식 : 사후,가능,,,,가능,완비,
3306164,슈마커 제주칠성점,63277,,,제주특별자치도 제주시 관덕로 55 (일도일동) ,33.5133788692,126.5252560155,-,064-723-2809,,신발,,월~일요일,,10:30~21:00,,환급서비스 제공방식 : 즉시+사후,불가능,,,,가능,완비,
3306189,에스마켓,63123,,,제주특별자치도 제주시 신광로 53 (연동) ,33.4873700803,126.490262426,-,,,신발,,월~일요일,,10:00~20:00,,환급서비스 제공방식 : 즉시+사후,불가능,,,,가능,,
3306347,캉골,63131,,,제주특별자치도 제주시 신광로 48 (연동) ,33.4878061364,126.4898346753,-,064-713-1472,,"남성의류, 여성의류",,월~일요일,,10:00~21:00,,환급서비스 제공방식 : 즉시+사후,불가능,,,,가능,,
3306402,헌터 신세계사이먼 제주아울렛,63522,,,제주특별자치도 서귀포시 안덕면 신화역사로304번길 38 ,33.3072595277,126.3197479556,-,064-907-1469,,신발,,월~일요일,,10:30~21:00,명절,환급서비스 제공방식 : 사후,가능,,,,가능,완비,
3306423,후아유,63123,,,제주특별자치도 제주시 신광로 51 (연동) ,33.4875478372,126.4901818731,-,,,"남성의류, 여성의류",,월~일요일,,10:00~20:00,,환급서비스 제공방식 : 즉시+사후,불가능,,,,가능,,
3306603,푸마,63131,,,제주특별자치도 제주시 신광로 64 (연동) ,33.4865368314,126.4897569328,-,064-742-9488,,스포츠 용품 및 의류,,월~일요일,,10:00~20:00,,환급서비스 제공방식 : 즉시+사후,불가능,,,,가능,,
3306627,ABC마트,63131,,,제주특별자치도 제주시 신광로 58 (연동) ,33.4871312089,126.4896930361,-,064-805-1045,,신발,,월~일요일,,10:00~20:00,,환급서비스 제공방식 : 즉시+사후,불가능,,,,가능,,
3306655,올포유,63192,,,제주특별자치도 제주시 관덕로 64 (일도일동) ,33.5129261539,126.5260476243,-,064-724-1122,,"남성의류, 여성의류",,월~일요일,,10:00~20:00,,환급서비스 제공방식 : 즉시+사후,불가능,,,,가능,,
3306704,질 스튜어트 신세계사이먼 제주아울렛,63522,,,제주특별자치도 서귀포시 안덕면 신화역사로304번길 38 ,33.3072595277,126.3197479556,-,064-907-1451,,여성의류,,월~일요일,,10:30~21:00,명절,환급서비스 제공방식 : 사후,가능,,,,가능,완비,
3306785,골프존마켓 신세계사이먼 제주아울렛,63522,,,제주특별자치도 서귀포시 안덕면 신화역사로304번길 38 ,33.3072595277,126.3197479556,-,064-907-1429,,스포츠 용품 및 의류,,월~일요일,,10:30~21:00,명절,환급서비스 제공방식 : 사후,가능,,,,가능,완비,
3306805,미즈노 신제주점,63129,,,제주특별자치도 제주시 신광로 32 (연동) ,33.4894170697,126.4898735241,-,064-747-1828,,스포츠 용품 및 의류,,월~일요일,,11:00~22:00,,환급서비스 제공방식 : 사후,불가능,,,,가능,완비,
3306863,락포트 신세계사이먼 제주아울렛,63522,,,제주특별자치도 서귀포시 안덕면 신화역사로304번길 38 ,33.3072595277,126.3197479556,-,064-907-1483,,신발,,월~일요일,,10:30~21:00,명절,환급서비스 제공방식 : 즉시+사후,가능,,,,가능,완비,
3306865,코오롱스포츠_제주점,63277,,,제주특별자치도 제주시 중앙로 7길 3 ,33.5150286872,126.5253226393,-,,,스포츠 용품 및 의류,,월~일요일,,10:30~20:30,명절,환급서비스 제공방식 : 즉시+사후,가능,,,,가능,완비,
3306873,캘빈클라인,63129,,,제주특별자치도 제주시 신광로 44 (연동) ,33.4883449657,126.4898402183,-,064-744-7805,,란제리(속옷),,월~일요일,,10:00~20:00,,환급서비스 제공방식 : 즉시+사후,불가능,,,,가능,,
3306898,송지오 신세계사이먼 제주아울렛,63522,,,제주특별자치도 서귀포시 안덕면 신화역사로304번길 38 ,33.3072595277,126.3197479556,-,064-907-1473,,"남성의류,여성의류",,월~일요일,,10:30~21:00,명절,환급서비스 제공방식 : 사후,가능,,,,가능,완비,
3306943,디스커버리,63277,,,제주특별자치도 제주시 관덕로11길 24 (일도일동) ,33.515273111,126.525703156,-,064-748-0311,,스포츠 용품 및 의류,,월~일요일,,10:00~20:00,,환급서비스 제공방식 : 즉시+사후,불가능,,,,가능,,
3306952,구호 신세계사이먼 제주아울렛,63522,,,제주특별자치도 서귀포시 안덕면 신화역사로304번길 38 ,33.3072595277,126.3197479556,-,064-907-1449,,"가죽 제품 및 가방,여성의류",,월~일요일,,10:30~21:00,명절,환급서비스 제공방식 : 사후,가능,,,,가능,완비,
3307027,골든구스 신세계사이먼 제주아울렛,63522,,,제주특별자치도 서귀포시 안덕면 신화역사로304번길 38 ,33.3072595277,126.3197479556,-,064-907-1525,,"남성의류,신발,여성의류",,월~일요일,,10:30~21:00,명절,환급서비스 제공방식 : 사후,가능,,,,가능,완비,
3307036,엄브로,63123,,,제주특별자치도 제주시 노연로 93 (연동) ,33.4860063418,126.4902096835,-,0507-1493-2002,,스포츠 용품 및 의류,,월~일요일,,10:00~20:00,,환급서비스 제공방식 : 즉시+사후,불가능,,,,가능,,
3307062,지오다노 신세계사이먼 제주아울렛,63522,,,제주특별자치도 서귀포시 안덕면 신화역사로304번길 38 ,33.3072595277,126.3197479556,-,069-07-1431,,"남성의류,악세서리,여성의류",,월~일요일,,10:30~21:00,명절,환급서비스 제공방식 : 즉시+사후,가능,,,,가능,완비,
3307094,하이마트 서귀포점,63589,,,제주특별자치도 서귀포시 일주동로 8631 ,33.2539720776,126.5660500024,-,064-763-5700,,기타 소매,,월~일요일,,09:30~20:00,명절,환급서비스 제공방식 : 즉시+사후,가능,,,,가능,완비,
3307098,라이프워크 신세계사이먼 제주아울렛,63522,,,제주특별자치도 서귀포시 안덕면 신화역사로304번길 38 ,33.3072595277,126.3197479556,-,064-907-1439,,스포츠 용품 및 의류,,월~일요일,,10:30~21:00,명절,환급서비스 제공방식 : 사후,가능,,,,가능,완비,
3307227,제시뉴욕,63123,,,제주특별자치도 제주시 신광로 59 (연동) ,33.4868229165,126.490120784,-,064-711-8423,,여성의류,,월~일요일,,10:00~20:00,,환급서비스 제공방식 : 즉시+사후,불가능,,,,가능,,
3307292,럭키 슈에뜨 신세계사이먼 제주아울렛,63522,,,제주특별자치도 서귀포시 안덕면 신화역사로304번길 38 ,33.3072595277,126.3197479556,-,064-907-1455,,여성의류,,월~일요일,,10:30~21:00,명절,환급서비스 제공방식 : 사후,가능,,,,가능,완비,
3307326,메트로시티,63129,,,제주특별자치도 제주시 신광로 44-1 (연동) ,33.4882172034,126.489923547,-,064-748-1120,,여성의류,,월~일요일,,10:00~20:00,,환급서비스 제공방식 : 즉시+사후,불가능,,,,가능,,
3307500,널디 신세계사이먼 제주아울렛,63522,,,제주특별자치도 서귀포시 안덕면 신화역사로304번길 38 ,33.3072595277,126.3197479556,-,064-907-1543,,"남성의류,여성의류",,월~일요일,,10:30~21:00,명절,환급서비스 제공방식 : 사후,가능,,,,가능,완비,
3307523,북앤북스 문고 제주,63086,,,제주특별자치도 제주시 1100로 3308 (노형동) ,33.4816233574,126.4816883012,-,064-725-7279,,기타 소매,,월~일요일,,09:00~22:00,명절,환급서비스 제공방식 : 사후,가능,,,,가능,완비,
3307611,매일약국 제주노형,63081,,,제주특별자치도 제주시 노연로 29 (노형동) ,33.4862812002,126.4832519488,-,064-749-8876,,기타 소매,,월~일요일,,08:00~20:00,명절,환급서비스 제공방식 : 즉시+사후,가능,,,,가능,완비,
3307669,아이잗바바 신세계사이먼 제주아울렛,63522,,,제주특별자치도 서귀포시 안덕면 신화역사로304번길 38 ,33.3072595277,126.3197479556,-,064-907-1493,,여성의류,,월~일요일,,10:30~21:00,명절,환급서비스 제공방식 : 사후,가능,,,,가능,완비,
3307723,뮬라웨어 신세계사이먼 제주아울렛,63522,,,제주특별자치도 서귀포시 안덕면 신화역사로304번길 38 ,33.3072595277,126.3197479556,-,064-907-1482,,여성의류,,월~일요일,,10:30~21:00,명절,환급서비스 제공방식 : 사후,가능,,,,가능,완비,
976820,"제주시민속오일시장 (2, 7일)",63116,,,제주특별자치도 제주시 오일장서길 26 ,33.4969271258,126.4758023552,제주시민속오일시장은 지정된 장소에 위치해 있음에도 불구  저렴한 가격 등의 유리한 조건으로 인하여  제주 시내 사람들은 물론 타 지역의 사람들도 이용하는 제주 도민의 대중적인 상권으로서 시장의 특성상 종합적인 상권을 형성한다. 음식업  의류업에서  기타 생활에 필요한 생필품까지 총괄하는 상권이다. 5일에 한번 열리는 시장으로서 노인들을 비롯한 아이들까지 애용하는 상권이다.,064-743-5985,"부지 67,531㎡/20,400평<br />
시설 40,042㎡/14,835평","야채, 청과물, 수산물, 약초, 양품, 곡물 등",,"매월 2, 7, 12, 17, 22, 27일",,주중 08:00~18:00<br>토요일 09:00~18:00,연중무휴,,가능,,없음,,없음,공중화장실 있음,
992261,"세화민속오일시장(5일, 0일)",63361,"세화민속오일시장(5일, 0일)",064-728-7762064-728-7762,제주특별자치도 제주시 구좌읍 해맞이해안로 1412 ,33.5261772305,126.8573407727,세화민속오일시장은 세화 중심가 사거리에서 인접해 있어서 교통이 편리하고  주민들과 상인들이 함께 어우러져 서로 사고 파는 제주 사람들의 진솔한 삶의 모습을 들여다볼 수 있는 제주의 전통적인 재래시장이다. 우리나라 장이 거의 그렇듯 제주의 재래시장도 5일 간격으로 서는 오일장이며  상품의 종류도 많고 가격도 저렴한 편이다.,064-782-0520,,청과물 / 수산물 / 약초 / 양품 / 곡물 등,,"매월 5, 10, 15, 20, 25, 30일",,08:00~14:00<br>※ 점포별 상이함,,,가능,,없음,,없음,,"제조자 이름:
입점브랜드:
"
992309,보성시장,63197,제주 보성시장,064-753-2085,제주특별자치도 제주시 동광로1길 32 ,33.5032716982,126.5279698982,제주 원도심 속에 있는 보성시장은 1972년에 개설되어  50여 년 동안 자리를 지켜온 전통시장이다. 특유의 정감 가는 분위기로 제주시 상인들의 삶을 엿볼 수 있는 곳이다. 보성시장은 식당가와 정육  수산물  건어물  빵집  떡집  수선집 등 다양한 종류의 점포가 들어서 있다. 장터에서 빠질 수 없는 먹거리도 풍성하다. 보성시장 최고의 먹거리는 제주식 전통 순대이다. 식당이 밀집해 있는 상가 내에는 대부분 순대를 전문으로 하는 식당이 주를 이루어 자연스레 순대 골목이 형성되었다. 제주식 전통 순대로  식당 모두 각자 다른 특색을 보유하였으며 순대국밥  모둠 순대  순대 국수 등 다양한 순대 요리를 맛볼 수 있다.,064-753-2085,,정육 / 수산물 / 건어물 / 식당가 등,,,1972년 3월 6일,09:00~20:00,연중무휴<br>※ 점포별로 상이함,,가능,,없음,,가능,있음,
993224,한림민속오일시장,63026,,064-796-8830,제주특별자치도 제주시 한림읍 한수풀로4길 10 ,33.4198102588,126.2745604816,한림민속5일시장은 제주도 서쪽 한림읍에 위치해 있고  제주도 사람들의 진솔한 삶의 모습을 들여다볼 수 있는 제주의 전통시장이다. 한림조끄뜨레시장이라는 재미있는 이름도 가지고 있다. 조끄뜨레는 제주어로 곁에  가까이라는 의미로  여러분 곁에 가까이 있는 시장이라는 의미이다. 오일장은 매월 4일  9일이 들어가는 날 열린다. 규모는 작지만  현지인에게 필요한 생필품  농기구  의류 등 없는 것이 없는 알짜배기 시장이다. 농어업이 발달한 지역인 만큼 농기구를 만드는 대장간도 있고  한림항 근처에 있어 갓 잡아 올린 수산물도 저렴한 가격에 구매할 수 있다. 고객을 위한 택배 서비스와 콜 서비스  상인회가 인정하는 품질보증 제도를 시행하고 있으며 매년 고객을 위한 감사 대잔치를 개최하고 있다.,064-796-8830,,생필품 / 의류 / 농기구 / 먹거리 등,,4일 / 9일 / 14일 / 19일 / 24일 / 29일,,08:00~17:00,,,가능,,없음,,없음,,
993261,서문공설시장,63154,서문공설시장,064-752-0893,제주특별자치도 제주시 서문로4길 13-2 ,33.5113734195,126.5179483634,서문공설시장은 제주시 서부중심에 위치한 60년의 역사를 가진 전통 재래시장이다. 80여 개의 점포를 갖추고 있으며 축산  정육 등 육류 소비 특화시장으로 선정되어 제주도내에서 가장 활발한 육류소비가 이루어지고 있다. 시장 내에는 3개의 정육 마트가 자리하고 있다. 원하는 부위의 고기를 저렴하게 구매한 후 정육 식당이 들어선 상가건물을 찾아가면 상차림 비용을 지불하고 구매한 고기를 그 자리에서 맛볼 수 있다. 이 외에도 식품과 건어물  과일 등 다양한 품목들이 판매되고 있다. 다른 상설시장에 비해 한산한 편이며  주차 시설이 잘 갖추어져 있는 것이 특징이다.,064-758-8387,,축산물 / 건어물 / 과일 / 야채 / 잡화 등,,,,09:00~20:00<br>※ 점포별 상이함,"매주 토요일, 일요일<br>※ 점포별 상이함",,가능,,없음,,없음,있음,
