ID,명칭,우편번호,관리자,전화번호,주소,위도,경도,개요,문의 및 안내,규모,좌석수,주차 시설,어린이놀이방,개업일,영업시간,쉬는날,대표메뉴,취급메뉴,할인정보,금연/흡연,신용카드정보,포장가능,예약안내,상세정보,인허가번호
1019491,흑돈가 제주,63088.0,흑돈가 제주,064-747-0088,제주특별자치도 제주시 한라대학로 11 ,33.4800372929,126.473552933,‘KBS 고향이 보인다’  ‘SBS 맛대맛’  ‘일본 남해방송’등 국내외 TV 프로그램에서 여러차례 소개된 제주도의 소문난 맛집인 제주 흑돈가는 제주 청정 흑돼지 전문점으로 참숯을 사용한 직화구이로 흑돼지의 담백하고 고소한 맛을 살려준다. 흑돈가에서는 최고 품질의 제주 청정 흑돼지만을 사용하며  깔끔하고 세련된 실내공간은 그 맛을 더욱 돋보이게 한다.<br>,064-747-0088,,,가능,0.0,,- 11:20~23:00<br>- 준비시간 15:00~17:00<br>- 마지막 주문 21:30,연중무휴,흑돼지 생구이,흑돼지 백반 / 흑돼지 양념구이 / 흑돼지 김치전골백반 등,,모두 금연석,가능,,가능,"화장실:남녀개별  업소내 위치
",20060628198.0
1305270,수희식당,63595.0,수희식당,064-762-0777,제주특별자치도 서귀포시 태평로 377 ,33.2453646181,126.5612617215,소박하지만 깔금한 분위기의 수희식당은 제주 서귀포 향토 음식 전문점이다. 적당한 양념으로 신선한 원재료와 맛을 제대로 살린다고 하여 유명해졌다. 특히 뚝배기와 갈치조림 요리가 인기이고 시원하고 깔끔한 국물의 해물 뚝배기는 청청한 바다에서 갓 잡은 싱싱항 오분자기와 해물로 끓여 시원하면서도 담백한  해장국으로도 안성맞춤이며  계절에 맞춰 제공되는 담백한 맛의 성게물회도 수희식당의 인기 메뉴 중 하나다. 이외에도 옥돔구이   왕소금을 뿌려 구운 제주 은갈치 구이  맛이 일품이다. 수희식당은 천지연 폭포 하류와  서귀포 칠십리가  한 눈에 내려다보인다.,064-762-0777,,,주차 가능,0.0,,08:00~21:00 (브레이크타임 15:00~17:00)<br>20:15 라스트오더,명절휴무,갈치조림,고등어조림 / 독돔구이 /전복구이 / 성게미역국 / 전복뚝배기 등,,모두 금연석,가능,일부 메뉴 포장 가능,전화 예약 가능 (064-762-0777),"화장실:있음(남/녀 구분)

",19920631116.0
133258,도라지식당,63145.0,도라지식당,064-722-3142,제주특별자치도 제주시 연삼로 128 ,33.4927114054,126.50594983,제주 토속음식 전문점으로 제주가 아니면 맛볼 수 없는 갈치 호박국  싱싱한 생선에 미역을 곁들인 옥돔국과 갈치구이  옥돔구이가 일품이다. 여름철엔 물회 역시 일품이다. 30여 년을 함께 한 시청 도라지식당은 더 넓은 주차공간과 좋은 시설  지리적 조건 등을 고려해 공항 근처로 확장 이전하여 운영하고 있다.,064-722-3142,,,가능,0.0,,09:00~20:30 (마지막 주문 19:30),매주 화요일,도라지상차림,한치물회 / 제주갈치구이 / 갈치조림 등,,모두 금연석,가능,가능(일부 메뉴),전화 예약 가능 (064-722-3142),"화장실:남녀개별 / 업소 내부 위치
",20080627896.0
133990,큰갯물횟집,63544.0,큰갯물횟집,064-738-1625,제주특별자치도 서귀포시 대포로 161 ,33.2394161069,126.4382280753,‘큰갯물횟집’은 서귀포시 중문 대포항회타운에 위치한 대규모 횟집으로 이중 2층 양옥과 넓은 주차공간이 갖추어져 있다. 이곳은 특히 곁들이찬이 다양하게 나오는 곳으로 유명하며 갈치구이와 조림이 점심메뉴로 따로 제공된다. 매장 내에 140석이 있어 단체 식사가 가능하며 매장 앞에 있는 주차장이 잘 완비되어 있어 주차하기 편리하다. 탁 트인 바다경관을 만끽하며 맛있는 회를 즐길 수 있다.,064-738-1625,,,가능,0.0,,11:50~22:00 (라스트오더 21:00),연중무휴,활어회,갓돔 / 다금바리 / 통갈치구이 / 매운탕 / 갈치조림,,모두 금연석,가능,가능,전화 예약 문의 (064-738-1625),,19950631150.0
1872476,그옛맛,63185.0,그옛맛,064-758-5532,제주특별자치도 제주시 서사로24길 12 ,33.4984915228,126.5185930442,그옛맛은 삼도일동에 있는 돌솥밥 전문점이다. 이곳은 대우정이라는 음식점으로 시작하여 현재까지 영업 중인 향토음식점이다. 그옛맛에서는 전복 돌솥밥  영양 돌솥밥  돌솥 정식 등 다양한 메뉴를 제공한다.,064-758-5532,,,가능,0.0,,09:00~17:00 (마지막 주문 16:10),주말,전북돌솥밥,옥돔구이 / 전북해물뚝배기 / 영양돌솥밥 등,,모두 금연석,가능,,전화 예약 가능 (064-758-5532),"부대시설:
",20060627574.0
1876996,내가 찾은 맛고을,63290.0,내가 찾은 맛고을,064-702-0216,제주특별자치도 제주시 진남로8길 39 ,33.5221868848,126.566455012,제주시 화북1동에 있는 내가 찾은 맛고을은 삼계탕 전문 음식점이다. 저렴한 가격에 삼계탕을 제공하고 있으며  삼계탕 이외에도 수육 백반  콩국수 등 다양한 메뉴를 제공하며  제공되는 재료는 국산을 사용한다.,064-702-0216,,,,0.0,,11:00~22:00,연중무휴,삼계탕,수육,,모두 금연석,가능,,전화 예약 문의 (064-702-0216),,19910627290.0
1882215,동우네,63258.0,동우네,064-755-7482,제주특별자치도 제주시 연수로3길 23 ,33.5033191858,126.544946199,대부분의 식자재를 제주산으로 구입하고 가격이 저렴해 ​​​​​​​주변 학생들도 많이 이용하는 곳이다. 즉석 김밥 전문점으로  다양한 종류의 김밥이 준비되어 있다.,064-755-7482,,,,0.0,,08:00~21:00,연중무휴 (전화문의),순두부 / 김밥,순두부 / 김밥 / 떡볶이 / 냄비우동 / 쫄면 / 냉면 / 비빔국수 외,,모두 금연석,가능,,전화 예약 문의 (064-755-7482),,20030627355.0
134692,삼다정,63132.0,삼다정,064-710-8231,제주특별자치도 제주시 노연로 80 1층,33.4850425335,126.4885904017,삼다정은 제주시에 메종글래드 호텔에 자리한 프리미엄 라이브 뷔페이다. 제주의 자연이 주는 소중한 재료에 특급 셰프의  정성 어린 요리를 선보인다. 내부는 고급스러운 분위기와 각종 모임이 가능한 7개의 별실을 갖추고 있다. 조식  중식  석식으로 시간을 나누어 운영하기 때문에 방문하기 전 홈페이지를 확인하길 추천한다. 음식은 뷔페 메뉴로 한국  중국  일본 음식으로 다양하게 맛볼 수 있다. 세트로 주문하면 모듬초밥  대게  양갈비 스테이크의 구성으로 제공한다.,064-710-8231,,250석,가능 (312대),0.0,,평일 07:00~21:00<br>주말 07:00~21:30,연중무휴,대게,불고기 덮밥 / 모듬초밥 / 찹스테이크 / 고르곤졸라 피자 등,,모두 금연석,가능,,전화 064-710-8231,,19850627139.0
135919,돔베돈,63277.0,돔베돈,064-753-0008,제주특별자치도 제주시 관덕로15길 25 ,33.5155647604,126.5266586225,예로부터 제주 도민들이 즐겨 먹는 삶은 돼지고기 요리인 ‘돔베고기’는 도마 위에 바로 썬 삶은 돼지고기라는 제주도 말이다. 기름기가 쫙 빠져서 담백한 맛이 일품인 돔베고기는 다이어트에도 좋아 미용에 관심이 많은 젊은 여성들이 더 좋아한다. 제주시 탑동 스위스호텔 뒤편 삼겹살 골목에 이 돔베고기를 전문으로 하는 음식점인 ‘돔베돈’이 있다. 제주도에서 가장 유명한 고기는 뭐니 뭐니 해도 돼지고기인데 일반 도심의 식당들처럼 그냥 구워 먹는 것이 아니라 제주도 전통 방식으로 요리를 하는 것이기에 쉽게 접할 수 있는 음식이 아니다. 돔베고기 외에도 흑돼지구이  돌솥밥 등도 맛이 좋다.,064-753-0008,,,가능,0.0,,11:00~23:00,연중무휴,스페셜 돔베세트,돔베세트 / 흑오겹살 / 물냉면 / 볶음밥 / 계란찜 등,,모두 금연석,가능,가능(일부 메뉴),전화 예약 가능 (064-753-0008),"화장실:남녀개별 / 업소 내부 위치
",19960627349.0
1404293,바그다드,63169.0,바그다드,064-757-8182,제주특별자치도 제주시 관덕로8길 34 ,33.5103069552,126.523242372,제주시 이도2동 시청 근처에 위치한 인도요리 레스토랑이다. 정통 인도요리 경력을 가지고 있는 요리사가 있어 현지에서 맛볼 수 있는 최상의 음식들을 제공하며  한국인들의 입맛에도 잘 맞아 많은 이들의 발길이 끊이지 않고 있다. 특히 인기 있는 메뉴로는 전통 빵인 난  신선한 토마토와 크림  치즈로 만든 연한 치킨 마크니  탄두리치킨 등이 있다. 카레와 함께 인도 전통빵인 난과 힘께 곁들여 먹는 것을 추천한다.,064-757-8182,,,가능,0.0,,- 11:00~22:30<br>- 준비시간 15:00~17:00<br>- 마지막 주문 22:00,연중무휴,탄두리치킨,치킨 마크니 / 치킨마살라 / 램마살라 / 팔락 파니르 / 파니르 버터 마살라 등,,모두 금연석,가능,일부 메뉴 포장 가능,전화 예약 가능 (064-757-8182),"화장실:남녀개별 화장실 / 업소내 위치
",20050628168.0
1405489,라지마할,63124.0,라지마할,064-749-4924,제주특별자치도 제주시 신광로 43 ,33.4882477612,126.4902735165,라지마할은 제주도 신제주 제원사거리에 위치하고 있는 인도 음식점이다. 라지마할의 의미는 옛날 인도 우리사(ORISSA)주의 인도수도이자 궁전의 이름이다. 라지마할의 대표적인 음식은 전통 인도음식인 카레와 난 그리고 탄두리치킨이 가장 인기가 좋으며 현지 인도 주방장이 만든 전통 인도식 다양한 종류의 카레를 맛볼 수 있고 전혀 거부감이 없는 양고기를 맛볼 수 있는 곳이다. 인도 분위기가 물씬 나는 이곳은 입소문으로 언제가도 사람들의 발길이 끊이지 않는 인기 있는 음식점이다.,064-749-4924,,,가능 (인근 공영주차장),0.0,,11:30~23:30,연중무휴,커리,탄두리 치킨 / 난 외,,모두 금연석,가능,가능(일부 메뉴),전화 예약 가능 (064-749-4924),"화장실:남녀개별  업소내 위치
",20020627655.0
1895793,바다잔치,63167.0,바다잔치,064-702-8989,제주특별자치도 제주시 탑동로 79 ,33.5177282541,126.5168816451,바다잔치는 생선구이  생선조림  생선회를 메뉴로 한다. 대표 메뉴는 갈치조림이며  고등어조림  전복구이  고등어구이  옥돔구이  전복죽을 판매한다. 제주 공항에서 7분 거리  용두암에서 3분 거리에 위치하여 접근성이 좋다.,064-702-8989,,,,0.0,,09:00~21:00,연중무휴,갈치조림,전복회 / 고등어회 / 고등어조림 / 회덮밥 / 물회 등,,금연,없음,,,"부대시설:갈치 고등어 옥돔 등 수산물 쇼핑센터 운영
",20060627185.0
2650410,가문잔치,63597.0,가문잔치,064-732-9886,제주특별자치도 서귀포시 칠십리로 191 ,33.2465785631,126.5732606548,제주특별자치도 서귀포시에 있는 바비큐 전문점이다. 대표메뉴는 흑돼지 목살구이이다. 흑돼지구이는 제주도의 대표적인 음식이다.,064-732-9886,,,가능,0.0,,11:00 ~ 22:00,"토,일요일",흑돼지목살구이,흑돼지목살구이 / 흑돼지오겹살 외,,금연,없음,가능,,,20170631015.0
2654135,24시제주해장국,63125.0,24시제주해장국,064-711-8687,제주특별자치도 제주시 삼무로 45 ,33.4900781342,126.4915455861,제주특별자치도 제주시에 위치한 한식당이다. 감자탕은 돼지고기와 감자로 만든 매운 국물요리이다. 대표메뉴는 감자탕이다.,064-711-8687,,,,0.0,,05:00 ~ 24:00,연중무휴,감자탕,감자탕 / 뼈해장국 / 소고기콩나물국밥 외,,금연,없음,,,,20190622398.0
1420586,해녀횟집,63166.0,해녀횟집,064-724-6212,제주특별자치도 제주시 탑동로 35 (삼도이동) ,33.5175727808,126.5209868472,제주시 삼도2동에 위치하고 있는 해녀횟집은 해녀들이 해산물을 직접 따서 요리함으로 해산물이 싱싱하며 1급 요리사 면허를 가지고 있는 주방장이 직접 주방에서 손님의 즐거운 식사를 위해 최선을 다하고 있다. 회를 주문하면 파전  소라  연두부  야채 등 여러 가지 서비스가 제공되며  인근 자연경관 또한 뛰어나다.,062-722-3265,,,가능,0.0,,09:00~23:30,연중무휴,활어회,전복죽 / 성게국 / 갈치국 / 회덮밥 / 한치물회 등,,모두 금연석,가능,가능,전화 예약 가능 (064-724-6212),"화장실:남녀개별 / 업소 내부 위치 
",19790627044.0
1827790,돈사돈,63107.0,돈사돈,064-746-8989,제주특별자치도 제주시 우평로 19 ,33.4788761598,126.4640871155,‘돈사돈’은 제주산 흑돼지를 맛볼 수 있는 제주시에 위치한 한식 전문점이다. 일반 음식점에서 느낄 수 없는 고기의 깊은 맛과 멜젓의 맛을 느낄 수 있다. 연탄불에 두툼한 고기를 올려 굽는 형식이며 직원들이 고기를 구워줘서 편하게 음식을 맛볼 수 있다. 대표메뉴는 흑돼지 오겹살이다. 쫄깃하고 탱탱하며 깔끔한 맛의 오겹살의 맛이 일품이다. 그리고 고기와 잘 어울리는 식사메뉴인 김치찌개는 고기가 먹기 좋게 들어가져 있다. 매장 전용 넓은 주차장과 식당 내부에는 단체석이 있어 모임이나 회식장소로 안성맞춤이다. 그리고 이곳은 GD와 그 외의 많은 유명연예인들이 찾아오는 맛집으로 현지인과 여행객뿐만 아니라 국내외 팬들의 발길도 끊이지 않는다.,064-746-8989,,,가능,0.0,,12:00~22:00,매주 화요일,제주산 흑돼지,김치찌개 / 공기밥 등,,모두 금연석,없음,,,"화장실:남/녀 화장실 구분

",20050628231.0
1828308,소라횟집,63360.0,소라횟집,064-784-3545,제주특별자치도 제주시 구좌읍 해맞이해안로 1240-3 ,33.5325096853,126.8463054731,세화5일장 옆에 있는 소라횟집은 물회  우럭매운탕 등 다양한 메뉴를 제공한다. 원양산 재료를 사용하는 갈치구이  갈치조림을 제외한 모든 메뉴는 국내산 재료를 사용하여 제공한다.,064-784-3545,,,가능,0.0,,- 09:00~21:00<br>- 준비시간 15:00~17:00<br>- 마지막 주문 14:50,매주 일요일,활우럭매운탕,활우럭지리 / 활우럭조림 / 회덮밥 등,,모두 금연석,가능,,전화 예약 문의 (064-784-3545),"부대시설:
",20070627549.0
1828395,순옥이네명가,63113.0,순옥이네명가,064-743-4813,제주특별자치도 제주시 도공로 8 ,33.5054760079,126.4650308761,순옥이네 명가는 15년 째 성업 중인 전복물회의 명가다. 해녀가 운영하는 검증된 식당인 데다가 물회는 물론 성게미역국  해물뚝배기 등 해물의 묵직하면서도 개운한 맛을 찾는 이들로 늘 북적인다. 직접 따온 전복  성게  오분작 등의 자연산 해산물요리를 제공한다. 도두동에 위치하여 제주공항과 가깝고 관광객이 많이 찾는 맛집으로 알려져 있다.,064-743-4813,,,불가능,0.0,,상시 09:00~21:00<br>※ 브레이크타임 15:30~17:00<br>※ 라스트오더 20:30,연중무휴,전복물회,한치물회 / 전복뚝배기 / 전복찜 / 전복죽/ 고등어구이 등,,모두 금연석,가능,가능(일부 메뉴),"전화 예약 문의 (064-712-3434, 743-4813)",,20000627538.0
1861280,은희네해장국,63253.0,은희네해장국,064-726-5622,제주특별자치도 제주시 고마로13길 8 ,33.5085574275,126.540738113,은희네해장국은 제주 제주시에 위치한 유명한 해장국 전문점이다. 신선한 재료와 깊은 맛이 특징인 이곳의 해장국은 속을 확 풀어주는 맛으로 많은 이들의 사랑을 받고 있다. 특히  고기와 얼큰한 국물이 어우러져 감칠맛이 뛰어나며  함께 제공되는 밑반찬들도 정갈하고 맛있다. 제주 여행 중 해장국을 찾는다면 꼭 방문해볼 가치가 있는 곳이다.,064-726-5622,,,가능,0.0,,[평일]<br>06:00 ~ 15:00<br>[주말]<br>06:00 ~ 14:00,매주 목요일,소고기 해장국,해장국 / 내장탕 등,,모두 금연석,가능,,전화 예약 가능 (064-726-5622),"부대시설:
",20020628344.0
2654136,러빙헛제주,63617.0,러빙헛제주,010-4696-9006,제주특별자치도 서귀포시 남원읍 일주동로 7036 ,33.2855933931,126.7281880224,채식(비건) 레스토랑이다. 대표메뉴는 뚝배기이다. 제주특별자치도 서귀포시에 있는 한식당이다.,010-4696-9006,,,,0.0,,11:30-19:00,,뚝배기,뚝배기 / 쌈밥,,금연,없음,,,,20180624329.0
2654138,제주랑,63643.0,제주랑,064-782-0104,제주특별자치도 서귀포시 성산읍 성산중앙로40번길 14 ,33.4629132547,126.9347494103,제주특별자치도 서귀포시에 있는 한식당이다. 대표메뉴는 고등어구이이다. 갈치조림  전복뚝배기도 유명하다.,064-782-0104,,,,0.0,,08:00-20:00(라스트오더 19:30),,고등어구이,고등어구이 / 갈치조림,,금연,없음,,,,19900631031.0
2654155,윌라라,63643.0,윌라라,064-782-5120,제주특별자치도 서귀포시 성산읍 성산중앙로 33 ,33.4629326664,126.9328634621,한정 수량 판매 매장이다. 대표메뉴는 피시&칩스다. 제주특별자치도 서귀포시에 있는 양식당이다.,010-6388-8343,,,,0.0,,12:00 ~ 18:00 (재료 소진시 조기마감),,피쉬&칩스,피쉬&칩스 / 새우튀김 외,,금연,없음,,,,20120631150.0
1861333,비지곶식당,63360.0,비지곶식당,064-784-7080,제주특별자치도 제주시 구좌읍 일주동로 3002 ,33.5280378892,126.8420753877,‘비지곶식당’은 평대리 사무소 앞에 있으며  뼈다귀 해장국을 전문으로 하는 음식점이다. 단일 메뉴로 뼈다귀 해장국을 제공하며  포장도 가능하다. 밑반찬은 콩나물무침과 깍두기  절임마늘과 고추가 준비된다. 뼈다귀 해장국은 큼직한 뼈에 붙은 살코기의 양이 많고 부드러운 식감을 가졌다. 많은 양의 시래기가 들어 있어 국물은 진하고 시원하면서 담백한 맛이 일품이며  지역주민뿐만 아니라 관광객들도 줄지어 방문하는 곳이다.,064-784-7080,,,가능,0.0,,06:00~16:00 <br>※ 재료 소진 시 조기 마감,주말,뼈다귀 해장국 (단일 메뉴),,,모두 금연석,가능,가능(일부 메뉴),전화 예약 가능 (064-784-7080),"부대시설:
",20010627236.0
1866954,감나무집,63191.0,감나무집,064-722-8292,제주특별자치도 제주시 오남로 12 ,33.4941753491,126.5195597249,제주에 위치한 감나무집은 숯불구이 전문점이다. 실내는 좌식  입식 테이블  개별룸 등 다양한 좌석이 구비된 널찍한 홀 구조여서 각종 단체 모임을 하기에도 좋다. 소양념갈비(왕갈비)  돼지양념갈비  돼지 생갈비  소갈비찜이 대표 메뉴이며 그 외 점심 메뉴로 맛볼 수 있는 흑돼지불고기정식  차돌국밥  차돌된장찌개 등이 있다.,064-722-8292,,,,0.0,,10:30~22:00 (휴식 시간 15:00~16:30 / 주문 마감 21:00),연중무휴,감나무왕갈비,돼지양념갈비 / 돼지생갈비 / 흑돼지두루치기 / 오겹살 / 소갈비찜 외,,모두 금연석,가능,,전화 예약 문의 (064-722-8292),,19960627002.0
1868009,골막식당,63215.0,골막식당,064-753-6949,제주특별자치도 제주시 천수로 12 ,33.5024497344,126.5384467843,제주 동부 경찰서 인근에 있는 한식당이다. 제주식 고기 국수를 전문으로 한다. 돼지 사골과 멸치로 낸 진한 육수에 우동면에 가까운 통통한 국수를 만 후 돼지수육을 올려내는 고기 국수는 취향에 따라 고춧가루를 넣어 먹으면 얼큰한 맛을 살려서 먹을 수 있다.,064-753-6949,,,가능,0.0,,06:30~18:00 (마지막 주문 17:30),연중무휴,고기국수,수육 / 비빔국수 등,,모두 금연석,가능,,전화 예약 문의 (064-753-6949),,19890627078.0
1872423,정인이네 국수냐 국밥이냐,63566.0,국수냐 국밥이냐,064-739-3382,제주특별자치도 서귀포시 김정문화로 39 ,33.2516742042,126.5089688897,국수냐 국밥이냐는 제주 서귀포시 김정문화로에 위치한 한식 전문점이다. 가족경영으로 운영하며 직접 농사지은 식재료를 사용한다. 국수 및 국밥  전골  콩국수 등 다양한 한식메뉴를 판매하고 있다. 엄나무백숙과 닭볶음탕은 전화로 미리 예약 후 방문해야 먹을 수 있다.,064-739-3382,,,가능,0.0,,07:00~20:30<br>라스트 오더 20:00,연중무휴,엄나무백숙,엄나무백숙 / 닭볶음탕 / 닭내장탕 / 순대전골 / 김치전골 / 모듬순대 / 고등어구이 외,,모두 금연석,가능,,전화 예약,,20070631271.0
1872474,국수의 전설,63605.0,국수의 전설,064-733-7101,제주특별자치도 서귀포시 효돈로 108 (신효동),33.2635217278,126.6103765028,국수의 전설은 다양한 국수를 제공하는 국수 전문점이다. 제주도의 유명한 국수인 고기국수를 비롯하여 비빔국수  보말 칼국수  전설 칼국수  들깨 칼국수  돔베고기 등 다양한 메뉴를 제공한다. 국수의 전설에서 제공하는 국수는 인공 조미료를 넣지 않고 국산 토판염으로 간을 맞추어 제공한다.,064-733-7101,,,가능,0.0,,09:30~15:30,매주 목요일,고기국수,비빔국수 / 보말칼국수 / 성게칼국수 등,,모두 금연석,가능,,전화 예약 가능 (064-733-7101),,19970631061.0
2654157,코코마마,63365.0,코코마마,064-784-8116,제주특별자치도 제주시 우도면 우도해안길 816 ,33.5131608533,126.9577740316,제주특별자치도 제주시에 있는 해산물 전문점이다. 대표메뉴는 모듬 해산물 구이이다. 랍스터 요리를 즐길 수 있다.,064-784-8116,,,가능,0.0,,11:30-15:00(상황에따라 유동적),,모듬해산물구이,모듬해산물구이 / 랍스터,,금연,없음,가능,,,20170628420.0
2654169,우도짜장맨,63365.0,우도짜장맨,070-7778-2003,제주특별자치도 제주시 우도면 우도해안길 1132 ,33.4977793773,126.9674124414,톳은 미역과 비슷한 해초다. 대표메뉴는 짜장면이다. 제주특별자치도 제주시에 있는 중식당이다.,070-7778-2003,,,,0.0,,09:00-18:00,,짜장면,짜장면 / 해물짬뽕,,금연,없음,,,,20160627290.0
2654171,띠띠빵빵,63365.0,띠띠빵빵,064-782-5959,제주특별자치도 제주시 우도면 우도해안길 982 ,33.5082782107,126.9670372308,제주특별자치도 제주시에 위치한 중식당이다. 대표메뉴는 해물짬뽕이다. 식당이 바닷가에 있다.,0507-1429-5960,,,가능,0.0,,07:00 ~ 19:00,풍랑주의보에 휴무,해물짬뽕,해물짬뽕 / 수제버거 외,,금연,없음,가능,가능,"화장실:남녀구분

",20150627574.0
2654185,디바인커피,63365.0,디바인커피,010-6222-4001,제주특별자치도 제주시 우도면 우도해안길 1112 ,33.4977571831,126.9690123031,제주특별자치도 제주시에 위치한 카페이다. 카페가 바닷가에 있다. 대표메뉴는 라떼이다.,010-6222-4001,,,,0.0,,09:00 ~ 24:00,연중무휴,라떼,라떼 / 아이스크림,,금연,없음,,,,20170627234.0
1876804,금바우,63595.0,금바우,064-733-1517,제주특별자치도 서귀포시 태평로371번길 4 ,33.2455423726,126.5610395148,제주 토종 흑돼지 참숯구이를 전복구이와 함께 먹을 수 있는 음식점이다. 갈비탕  뚝불고기 등의 메뉴도 인기가 좋고  계절에 따라 제공되는 물회도 맛이 좋다. 기본에 충실하며  좋은 품질의 고기를 제공하여 현지인들의 추천 맛집으로 유명하다. 식당 내부 공간도 넓어 붐비지 않고 여유롭게 식사를 즐길 수 있다.,0507-1331-1517,,,가능,0.0,,"11:30~21:30 (휴식 시간 14:30~17:00, 주문 마감 20:30)",매주 월요일,흑돼지 오겹살 / 목살,흑오겹 / 흑목살 / 흑모둠구이 외,,모두 금연석,가능,,전화 예약 가능 (064-733-1517),,20020631117.0
1876813,김대감숯불갈비,63588.0,김대감숯불갈비,064-763-2777,제주특별자치도 서귀포시 동홍중앙로 67 ,33.2566607621,126.5718633269,김대감숯불갈비는 제주도 서귀포시 동홍동에 위치한 숯불갈비 전문점이다. 이곳은 음식점 앞 주차 공간을 이용할 수 있고 내부는 룸과 홀로 나누어져 있다. 대표 메뉴는 돼지생갈비  양념갈비이다. 직접 만든 특제소스로 갈비를 양념한다. 또한 점심에 든든한 솥밥 정식 메뉴를 맛볼 수 있다. 주변 관광지로 바다다이브  하영올레코스  이중섭문화거리 등이 있다.,064-763-2777,,,,0.0,,10:00~23:00,연중무휴,양념갈비,생갈비 / 삼겹살 등,,모두 금연석,가능,,전화 예약 문의 (064-763-2777),,19810631007.0
1876822,깜돈 흑돼지,63125.0,깜돈 흑돼지,064-712-9229,제주특별자치도 제주시 삼무로3길 6 ,33.4904837046,126.495295251,깜돈 흑돼지는 제주시 연동에 위치한 흑돼지 전문점이다. 10년 이상 자리를 지켜온 이곳은 아늑한 내부로 단체 모임이나 회식장소로 적절한 곳이다. 깜돈 흑돼지는 제주 청정 흑돼지를 사용하며 세계자연유산 제주 품질인증  제주마씸  무항생제 축산물  제주흑돼지고기  haccp 인증을 받은 흑돼지이다. 주변 관광지로 제니의 정원  가새기오름 등이 있다.,064-712-9229,,,가능,0.0,,17:00~22:00,"매월 둘째 주, 넷째 주 일요일",제주산흑돼지모듬,제주산흑돼지모듬 / 제주산흑오겹살 / 목살 / 항정살 등,,모두 금연석,가능,,전화 예약 문의 (064-712-9229),"화장실:남녀개별 / 업소내 위치
",19940627355.0
1876994,낭뜰에쉼팡,63344.0,낭뜰에쉼팡,064-784-9292,제주특별자치도 제주시 조천읍 남조로 2343 ,33.4735270537,126.6571482427,낭뜰에쉼팡은 ‘나무 뜰이 있는 쉼터에서 쉬었다 가라’는 의미를 담고 있는 제주도 방언이다. 오름을 다녀오시는 분들과 관광객이 저렴하고 맛있는 음식을 푸짐한 양으로 접할 수 있다. 싱싱한 채소와 찰보리밥으로 메뉴를 제공하는 이곳은 여유로움을 즐길 수 있는 곳이다. 대표 메뉴는 낭뜰정식으로 2인 이상 주문 가능하며  쌈채  고등어구이  흑돼지 제육볶음  두부 겉절이  된장찌개  밥이 나온다.,064-784-9292,,,가능,0.0,,- 09:00~20:00<br>- 준비시간 16:00~17:00<br>- 마지막 주문 19:00,연중무휴,낭뜰정식,돌솥비빔밥 / 녹차들깨수제비 / 흑돼지제육볶음 등,,모두 금연석,가능,,전화 예약 문의 (064-784-9292),"부대시설:식당 정문 좌측에 오두막과 벤치가 마련되어 있음
",20080627779.0
1877081,다미회,63208.0,다미회,064-722-0726,제주특별자치도 제주시 동광로2길 9-4 ,33.5004276205,126.5312474554,제주시청 앞 골목에 위치한 다미회는 화려하고 고급스러운 일식을 맛볼 수 있는 곳이다. 제철 해산물을 이용한 회와 코스요리  각종 별미들이 준비되어 있다. 특히 두툼하고 쫀득한 식감의 삼치회가 인기 메뉴이다. 이 외에도 모둠회를 비롯한 다양한 회 메뉴와 탕 및 식사 메뉴가 준비되어 있다. 개별룸과 주차장 시설을 완비하고 있어 각종 모임을 하기에도 좋다.,064-722-0726,,,가능,0.0,,11:30~22:00 (브레이크타임 14:00~17:00 / 라스트오더 21:00),매주 일요일,모둠회,삼치회 / 코스요리 / 매운탕 / 알탕 / 생선초밥 외,,모두 금연석,가능,,전화 예약 문의 (064-722-0726),,19950627996.0
2654431,제주감자탕,63125.0,제주감자탕,064-747-0063,제주특별자치도 제주시 삼무로 59 ,33.4900142757,126.4929982389,제주특별자치도 제주시에 있는 한식당이다. 대표메뉴는 뼈다귀 감자탕이다. 감자탕은 돼지고기와 감자로 만든 매운 국물 요리이다.,064-747-0063,,,,0.0,,00:00-24:00,,뼈다귀감자탕,뼈다귀감자탕 / 해장국,,금연,없음,,,,20180621744.0
2654438,회양과국수군,63365.0,회양과국수군,064-782-0150,제주특별자치도 제주시 우도면 우도해안길270 1층 2호 ,33.5038977318,126.9419533952,제주특별자치도 제주시에 있는 해산물 전문점이다. 대표메뉴는 해물탕이다. 사장님이 매일 바다에서 해산물을 잡아 온다.,064-782-0150,,,가능,0.0,,10:30-21:00,연중무휴,해물탕,해물탕 / 회국수,,금연,없음,,가능,,20090627038.0
2654441,메밀꽃이피었습니다,63365.0,메밀꽃이피었습니다,010-5549-7636,제주특별자치도 제주시 우도면 우도해안길 828 ,33.5123915067,126.9585684252,제주특별자치도 제주시에 위치한 한식당이다. 대표메뉴는 메밀비빔국수이다. 비빔메밀은 한국식 매운 국수 요리이다.,010-5549-7636,,,가능,0.0,,09:00-21:00,연중무휴,메밀비빔국수,메밀비빔국수 / 치즈돈까스,,금연,없음,,가능,"화장실:남녀구분

",20180621224.0
1882201,돈향기,63277.0,돈향기,064-724-0228,제주특별자치도 제주시 관덕로15길 30 ,33.5157952975,126.5270696925,돈향기는 제주 흑돼지 거리에 위치한 제주 흑돼지구이 전문점이다. 제주도 암퇘지만을 사용하여 부위별 가장 신선한 고기만을 제공한다. 고사리와 흑돼지를 구워 먹는 것이 이 집의 특징인데  색다른 풍미를 주어 그 맛이 아주 매력적이다. 이 외에도 전복  한치 등 싱싱한 해산물과 흑돼지를 함께 구워 먹을 수 있다. 예약이 가능하며  넓은 규모의 좌석을 완비하고 있어 단체 모임 및 회식을 하기에도 좋다.,064-724-0228,,,가능,0.0,,11:30~23:00 (라스트오더 22:40),,제주 흑돼지구이,전복흑돼지세트 / 생오겹 / 대패오겹 등,,모두 금연석,가능,,전화 예약 가능 (064-724-0228),,20100627853.0
1883646,만세국수,63191.0,만세국수,064-702-7056,제주특별자치도 제주시 오라로 152 (오라일동),33.494136452,126.5187959033,제주시 오라일동에 있는 만세국수는 제주 종합 경기장 인근에 있는 국수 전문 음식점이다. 제주도 대표 음식 중 하나인 고기국수와 멸치국수  만세국밥  찹쌀순대를 제공하며 5월~9월에는 계절메뉴인 콩국수와 냉국수를 제공한다.,064-702-7056,,,가능,0.0,,09:00 ~ 21:00 (마지막 주문 20:20),연중무휴(전화문의),고기국수,도가니탕 / 만세국밥 / 찹쌀순대 / 멸치국수 등,,모두 금연석,가능,,전화 예약 가능 (064-702-7056),"부대시설:
",20130628035.0
1891943,맛있는 집,63585.0,맛있는 집,064-763-3760,제주특별자치도 서귀포시 중앙로 110 ,33.254296964,126.5611504201,맛있는 집은 제주 서귀포시 동홍동에 있다. 다양한 제주 향토음식을 맛볼 수 있다. 특히 각재기국은 이 집의 대표 메뉴이자 인기 메뉴이다. 각재기는 생소할 수 있는데 전갱이  아지 등으로 불리는 등 푸른 생선과의 여름생선이다. 각재기국은 배추가 듬뿍 들어가 국물이 시원하여 해장음식으로도 안성맞춤이다. 음식 주문 시 정성스럽게 만들어진 다양한 밑반찬이 나온다. 주차공간과 내부 좌석은 협소하지만 제주도민뿐만 아니라 여행객들의 발길이 끊이지 않는 곳이다.,064-763-3760,,,불가,0.0,,월요일 ~ 금요일 08:00~19:00 (브레이크타임 14:30 ~ 17:00)<br>토요일 08:00 ~ 14:00,매주 일요일,각재기국,멜국 / 보말국 / 갈비찜 / 자리물회 / 제육볶음 외,,모두 금연석,가능,가능,전화 문의 (064-763-3760),"부대시설:단체석 
",19930631026.0
1895854,바다풍경횟집,63151.0,바다풍경횟집,064-711-7992,제주특별자치도 제주시 서해안로 654 (용담삼동),33.5162254833,126.5068714385,제주시 용담 3동에 위치한 바다 풍경 횟집은 용두암과 용연 구름다리를 옆에 두고 용두암 해안 도로에 위치한 자연산 활어회 전문점이다. 자연산 활어뿐만 아니라 제주해녀들이 갓 잡아올린 소라  문어  해삼  멍게 등도 맛볼 수 있다. 전망 또한 좋아 많은 이들이 방문하고 있다. 건물 내에 엘리베이터가 있어 장애인이나 노약자  유모차  휠체어 이용 고객들도 이용이 편리하다.,0507-1487-7811,,,가능,0.0,,10:00~22:30,연중무휴,자연산 활어회,풍경 스페셜 / 바다 스페셜 / 간장게장정식 / 알뜰 갈치정식 등,,금연,없음,가능,가능,"화장실:있음(남녀구분)
",20120627695.0
1895974,바캉스샤브샤브,63333.0,바캉스샤브샤브,064-784-4645,제주특별자치도 제주시 조천읍 신북로 595 ,33.5400727241,126.6731231122,바캉스 샤부샤부는 대명리조트 제주 인근에 위치한 샤부샤부 전문점이다. 신선한 야채와 담백한 육수 그리고 고기가 어우러진 샤부샤부를 제공한다. 메뉴 주문 시 다양한 버섯과 부추  숙주 등 야채가 푸짐하게 준비되며 육수는 기본육수뿐만 아니라 마라 육수도 준비되어 있어 취향껏 고를 수 있다는 장점을 가지고 있다. 매장 내부는 입식테이블로 준비되어 있고 좌석수가 많아 단체로 이용이 가능하다.,064-784-4645,,,가능,0.0,,10:00~21:00 (브레이크타임 14:00~17:00 / 라스트오더 20:20),매주 일요일,돈샤브,,,모두 금연석,가능,,전화 예약 가능 (064-784-4645),,20120628190.0
2657940,흑돈향,63571.0,흑돈향,064-739-5115,제주특별자치도 서귀포시 태평로 58 ,33.2447475122,126.5292617309,제주특별자치도 서귀포시에 있는 바비큐 전문점이다. 대표메뉴는 흑돼지구이다. 흑돼지구이는 제주도의 대표적인 음식이다.,064-739-5115,,,가능,0.0,,17:00 ~ 21:00,매주 화요일,흑돼지구이,흑돼지구이 / 항정살 외,,금연,가능,,가능,"화장실:남녀구분

",20130631577.0
2670570,우원,63258.0,우원,064-753-1009,제주특별자치도 제주시 고마로 129 ,33.5031441675,126.542554745,제주도 현지인들이 자주 찾는 맛집이다. 대표메뉴는 차돌박이다. 제주특별자치도 제주시에 있는 BBQ 전문점이다.,064-753-1009,,,,0.0,,17:30 ~ 23:00,매주 일요일,차돌박이,차돌박이 / 제비추리 / 김치말이소면 외,,금연,없음,,가능,"화장실:남녀구분

",20030627946.0
2670842,왕천파닭,63591.0,왕천파닭,064-732-4088,제주특별자치도 서귀포시 중앙로42번길 33-1 ,33.2490698286,126.565272402,원조 파닭의 맛을 볼 수 있는 곳이다. 대표메뉴는 파닭치킨이다. 제주특별자치도 서귀포시에 위치한 치킨 전문 레스토랑이다.,064-732-4088,,,,0.0,,09:00-20:30,유동적,파닭치킨,파닭치킨 / 마늘통닭,,금연,없음,가능,,"화장실:남녀구분

",20140631615.0
1896585,금뽕똘,63313.0,금뽕똘,064-721-1111,제주특별자치도 제주시 번영로 500 ,33.4901186662,126.5948754947,제주시 봉개동에 있는 금뽕똘 향토음식점은 제주시 동부권 초입에 위치하였으며  320석 규모와 넓은 주차장이 마련되어 있다. 이곳의 음식은 제주 농수산물을 사용하여 제공하고 있으며  농수산물 직매장이 있어 제주산 수산물을 비롯한 다양한 토산품을 판매하고 있다. 2층 연회장은 각종 세미나  워크숍  피로연  돌잔치 등의 행사를 진행할 수 있도록 빔프로젝터 및 음향시설이 갖추어져 있다.,0507-1395-1217,,,가능,0.0,,11:00~16:00,매주 일요일,갈치조림,갈치조림 / 해물뚝배기 / 활어회 / 물회 / 고등어구이 외,,모두 금연석,가능,,전화 예약 가능 (064-721-1111),,20120628060.0
1896649,본가,63221.0,본가,064-724-8588,제주특별자치도 제주시 도남로 101 ,33.4912424834,126.5285590086,제주시 도남동에 있는 대패삼겹살 전문점 본가는 대패삼겹살  감자탕  해장국을 주메뉴로 한다. 제주산 암퇘지만을 사용하여 제공하며  직거래 유통으로 재료를 저렴하게 구입하여 음식 가격 또한 저렴하다.<br>,064-724-8588,,,가능,0.0,,09:00~22:00 (14:00~17:00 브레이크타임),매달 2번째 일요일,돈두루치기,대패삼겹살 / 뼈감자탕 / 순두부해장국 / 선지해장국 외,,모두 금연석,가능,,전화 예약 문의 (064-724-8588),,20060627109.0
1909258,수다뜰,63313.0,수다뜰,064-723-2722,제주특별자치도 제주시 명림로 164 ,33.4721153465,126.6101412449,제주 농가의 소박한 밥상을 만날 수 있는 곳이다. 해콩 가루를 풀어 넣고 소금을 뿌려 몽글몽글 콩꽃을 피운 콩국과 제주에서만 가능한 심층 용암 해수로 만든 바닷물 손두부가 주메뉴다. 회나 돼지고기구이 등 일품 메뉴를 마주할 때와는 다른 편안함이 있다. 인근에 절물자연휴양림이 있어 편백숲에서의 힐링 체험이 가능하며  절물오름  어린이 놀이시설이 갖춰져 있다. 절물자연휴양림에서 에코힐링 체험 후 명도암수다뜰에서의 제주전통음식 체험을 할 수 있다. 가족끼리 편안한 분위기에서 식사할 수 있도록 좌식 테이블이 마련되어 있다.,064-723-2722,,,가능,0.0,,09:30~18:30,연중무휴,콩국두부정식,손두부 두루치기 / 직접 농사지은 푸른 콩 손두부 외,,모두 금연석,가능,,전화 예약 문의 (064-723-2722),"화장실:남녀개별 / 업소내 위치

",20100627178.0
1909319,종달수다뜰,63354.0,종달수다뜰,064-782-1259,제주특별자치도 제주시 구좌읍 용눈이오름로 8 ,33.4918621597,126.8931273496,‘종달수다뜰’은 농가맛집으로 지역의 농산물과 문화를 연계하여 소비자에게 향토음식을 제공하는 농촌형 외식공간이다. 바다  오름  들판이 조화롭게 어우러진 올레 1코스에 위치한 곳으로 전복 성게 조림류등 각종 제주 해산물 요리를 제공하는 곳이다. 주메뉴로는 오동통한 전복과 버터향이 어우러진 전복돌솥밥과  제주에서 꼭 먹어야 할 갈치조림이 있으며  다양하게 드시고 싶으신 분들을 위해 가성비 좋은 세트메뉴로 구성되어 있다. 2014년 농촌진흥청 추천 맛집으로 국가가 인증하고 2017년엔 코릿과 제주관광공사 선정 제주맛집 TOP30으로 선정되기도 하였다.,064-782-1259,,,가능,0.0,,09:30~20:30 (마지막 주문 19:30),연중무휴,제주한정식,갈치조림 백반 / 전복돌솥밥 백반 / 성게비빔밥 백반 등,,모두 금연석,가능,,전화 예약 가능 (064-782-1259),"화장실:남녀개별  업소내 위치

",20100627258.0
1964460,바당국수(구 국수바다),63590.0,바당국수(구 국수바다),064-733-9259,제주특별자치도 서귀포시 중앙로48번길 43 ,33.2503863558,126.5656723378,"국수 바다가 바당국수로 명칭을 변경하며 확장 오픈하였다. 
고기 국수를 대표 메뉴로 하며 그 밖에도 돼지국밥  돔베 고기  고등어구이 등 제주도 특색 메뉴를 판매한다.
제주 올레시장과 인접하고 있으며 주차 시설도 보유하고 있어 접근성 또한 좋다.",064-733-9259,,,가능,0.0,,09:00~23:00 (재료 소진 시 영업종료),매주 화요일,고기 국수,멸치 국수 / 돼지국밥 / 돔베고기 외,,모두 금연석,없음,,전화 예약 문의 (064-733-9259),,19970631198.0
2678644,앞뱅디식당,63134.0,앞뱅디식당,064-744-7942,제주특별자치도 제주시 선덕로 26 ,33.4852343524,126.4995200027,한국 미식프로그램에 자주 소개되는 곳이다. 제주특별자치도 제주시에 있는 한식 전문점이다. 대표메뉴는 각재기국이다.,064-744-7942,,,,0.0,,09:00-21:30(일요일 09:00-14:00),연중무휴,각재기국,각재기국 / 고등어구이,,금연,없음,,,,20010627332.0
2678645,담돌국수,63268.0,자매국수,064-727-1112,제주특별자치도 제주시 삼성로 67 ,33.5081406735,126.5323666278,,064-727-1112,,,,0.0,,전화문의,전화문의,고기국수,고기국수 / 닭칼국수 / 빨간고기국수 / 비빔국수 외,,금연,없음,,,,19970627682.0
2678646,덕성원,63595.0,덕성원,064-762-2402,제주특별자치도 서귀포시 태평로401번길 4 ,33.244939699,126.5634171004,3대가 운영하는 전통 중국집이다. 제주특별자치도 서귀포시에 있는 중식 전문점이다. 대표메뉴는 짜장면이다.,064-762-2402,,,가능,0.0,,11:00-21:00,중문점:매주 월요일/본점:둘째주 화요일,짜장면,짜장면 / 짬뽕,,금연,없음,,가능,,20060631343.0
1986683,청운식당,63643.0,청운식당,064-782-3912,제주특별자치도 서귀포시 성산읍 일출로 285 ,33.463088238,126.9348910607,이른 아침에도 갈치요리를 맛볼 수 있는 곳이다. 대표메뉴는 갈치 정식이다. 제주특별자치도 서귀포시에 있는 한식 전문점이다.매일 아침 성산 앞바다에서 잡은 신선한 생물 갈치로만 요리하는 집이다.<br>,064-782-3912,,,주차 가능(성산일출봉 주차장),0.0,,09:00~20:40 (19:55 라스트오더),연중무휴,갈치정식,해물뚝배기 / 전복죽 등,,금연,없음,,가능,,19940631050.0
2035397,오름나그네,63341.0,오름나그네,064-784-2277,제주특별자치도 제주시 조천읍 선교로 525 ,33.4590961966,126.7120771375,제주특별자치도 제주시 조천읍에 위치한 오름나그네는 거문오름  산굼부리 등 유명 관광지와 인접해있어 중간에 식사하기에 최적의 장소에 있다. 대표메뉴는 보말칼국수와 전복성게칼국수로 제주도의 토속음식을 즐길 수 있는 음식점이다.,064-784-2277,,,가능,0.0,,10:00~15:00,매주 화요일,보말칼국수,전복성게칼국수 / 버섯들깨칼국수 / 해물파전 / 메밀묵무침 등,,모두 금연석,가능,,전화 예약 가능 (064-784-2277),,20100627214.0
2359165,검은여닭(검은여쉼터),63599.0,검은여닭(검은여쉼터),064-733-3030,제주특별자치도 서귀포시 검은여로 4 ,33.2437595709,126.5821627247,"※ 영업시간 11:00 ~ 21:00 (전화문의)

제주특별자치도 서귀포시 토평동 검은여 해안 인근에 위치한 검은여닭(검은여쉼터)은 토종 닭도가니와 닭백숙 전문점이다. 올레길 코스에 위치하고 있어 간단하게 끼니를 때울 수 있는 다양한 메뉴를 판매하고 있다. 서귀포 칼호텔  파라다이스 호텔이 인근에 위치해 있고  바로 앞이 검은여 해안이기 때문에 관광객들이 즐겨 찾고 있다.",064-733-3030,,,주차 가능,0.0,,11:00~21:00 (전화문의),매주 화요일,닭도가니,닭도가니 / 백숙 / 김치찌개 / 고등어구이 / 옥돔구이 / 해물파전 외,,모두 금연석,없음,,전화 예약 가능 (064-733-3030),"화장실:업소 내 위치 (남녀공용)
",20100631094.0
2384996,젠하이드어웨이,63528.0,젠하이드어웨이,064-794-0133,제주특별자치도 서귀포시 안덕면 사계남로 186-8 ,33.2292374154,126.3085951026,바로 앞에는 제주 바다  멀리로는 산방산과 용머리해안이 그림같이 펼쳐진 곳이다. 이곳의 대표 메뉴는 차롱박스이다. 차롱박스란 제주어로 도시락 모양의 대나무 용기를 뜻한다. 여기에 감자튀김과 생선가스 등을 피시 앤 칩스처럼 담아낸 메뉴가 바로 차롱박스이다. 이 밖에도 산방산 돔 파스타(해산물을 넣고 파스타 반죽을 덮어 오븐에 구운 파스타)가 유명하다.,064-794-0133,,,,0.0,,11:00 ~ 21:00 (라스트오더 20:00),명절연휴(전화문의),챠롱박스,산방산 돔 파스타 / 단호박 고로케 / 감자튀김 외,,모두 금연석,가능,,전화 예약 문의 (064-794-0188),,20140631343.0
2481642,사해방흑돼지(구 중문흑돼지),63540.0,사해방흑돼지(구 중문흑돼지),064-738-4577,제주특별자치도 서귀포시 천제연로 263 ,33.2515285729,126.4327393919,‘사해방흑돼지’는 제주 서귀포시 중문관광단지 내에 위치하였다. 이곳은 청정 흑돼지만 사용하는 흑돼지 전문점이며 단체 300명가량 수용 가능한 깨끗한 실내와 매장 전용 넓은 주차장  단체룸  어린이 놀이방까지 갖추어져 있어 단체 모임이나 가족모임에 안성맞춤인 장소이다. 또한 이곳은 직영농장에서 직접 기르는 채소만을 사용하고 있어 신선한 맛을 느낄 수 있다.,064-738-4577,,,가능 <br>요금 (무료),0.0,,10:30 ~ 22:00,연중무휴,흑돼지 근고기,백돼지 근고기 / 전복뚝배기 / 전복갈비탕 / 한우 등심 / 한우 육회 등,,모두 금연석,가능,가능(일부 메뉴),전화 예약 문의 (064-738-4577),"화장실:남녀개별  업소내 위치
",20130631497.0
2678651,흑돈가 제주,63088.0,흑돈가 제주,064-747-0088,제주특별자치도 제주시 한라대학로 11 ,33.4800900646,126.473500159,제주특산물인 흑돼지 전문 음식점이다. 제주특별자치도 제주시에 있는 한식 전문점이다. 대표메뉴는흑돼지생구이다.,064-747-0088,,,가능,0.0,,11:30-24:00,연중무휴,흑돼지생구이,흑돼지생구이,,금연,없음,,가능,,
2678652,유리네식당,63142.0,유리네식당,064-748-0890,제주특별자치도 제주시 연북로 146 ,33.4814180719,126.4971980683,제주의 다양한 요리를 한 곳에서 맛볼 수 있는 곳이다. 대표메뉴는 갈치조림이다. 제주특별자치도 제주시에 있는 한식 전문점이다.,064-748-0890,,,,0.0,,09:00 ~ 21:00 (브레이크타임 16:00 ~ 17:30 / 라스트오더 20:30),,갈치조림,갈치조림 / 전복뚝배기,,금연,없음,,,,19930627306.0
2678654,어우늘,63147.0,어우늘,064-743-5131,제주특별자치도 제주시 연북로 222 ,33.4810821168,126.5046557617,퓨전 전복요리를 판매하는 곳이다. 제주특별자치도 제주시에 있는 한식 전문점이다. 대표메뉴는 전복돌솥밥이다.,064-743-5131,,,가능,0.0,,11:00-16:00,"일요일/명절당일,전일",전복돌솥밥,전복돌솥밥 / 전복죽,,금연,없음,가능,가능,,20050628197.0
2654137,성산봄죽칼국수,63634.0,성산보말죽칼국수,064-784-3331,제주특별자치도 서귀포시 성산읍 일주동로 5109 ,33.3808130467,126.8765563387,제주특별자치도 서귀포시에 있는 한식당이다. 대표메뉴는 칼국수이다. 제주도 대표 음식인 보말(고둥/조개류)이 들어가 있다.,"064-784-3331, 0507-1352-3342",,,,0.0,,07:30 ~ 20:00 (Last Order 19:30),화요일,보말칼국수,보말칼국수 / 보말죽 / 유채전복죽 외,,금연,없음,,,,20180624872.0
2654179,바위소리,63365.0,바위소리,010-5381-8821,제주특별자치도 제주시 우도면 우도해안길 1112 ,33.4977571831,126.9690123031,제주시 우도면에 있는 우도 바위소리 카페는 아이스크림 자체를 땅콩으로 직접 만드는 수제 젤라또 아이스크림 집이다. 진한 땅콩맛과 쫄깃한 식감이 일품이다. 매일 아침 굽는 바삭한 크로플은 11가지의 다양한 맛으로 즐길 수 있다.,0507-1304-8821,,,가능,0.0,,08:30 ~ 00:00 (CLOSE 마지막 배시간까지),풍랑주의보 휴무,우도땅콩젤라또,우도땅콩젤라또 / 우도땅콩젤라또크로플 외,,금연,없음,,,,20170627367.0
2654436,제주뚝배기,63643.0,,064-782-1089,제주특별자치도 서귀포시 성산읍 일출로 255 ,33.46124119,126.9330468185,"성산일출봉 초입에 위치한 뚝배기와 해산물 요리 전문 한식당이다. 다양한 해산물을 이용해 30여 가지의 제주식 한식을 선보이고 있다.
대표 메뉴는 전복해물뚝배기로 오분자기(작은 전복)  새우  게  소라 등 갖은 싱싱한 해물로 맛을 냈다. 갈치조림  물회  성게국도 인기가 많다.
근처 관광지로는 성산일출봉  광치기해변  우도  섭지코지 등이 있다.",064-782-1089,,,있음(무료),0.0,,07:00~20:00,연중무휴,전복해물뚝배기,전복해물뚝배기 / 고등어구이 / 성게미역국 / 갈치조림 등,,모두 금연석,가능,가능,전화 : 064-782-1089,"화장실:있음(남/녀구분)
",19890631045.0
2666735,해녀의 부엌,63364.0,국민관광전략팀,,제주특별자치도 제주시 구좌읍 해맞이해안로 2265 ,33.4978173678,126.912306105,해녀의 부엌은 제주 해녀들이 손수 만든 음식과 해녀들의 이야기를 담은 공연을 한 번에 즐길 수 있는 로컬 푸드 다이닝 공간이다. 바닷가의 낡은 창고를 개조한 공간에서 해녀가 직접 채취하는 제주 해산물과 천혜의 식재료로 해녀들이 짓는 밥상을 맛볼 수 있다. 이곳에서 진행하는 공연은 공간 디자인부터 스토리 개발  기획  조명  음악  안무 연기까지 다양한 분야에서 활동 중인 청년 예술가들의 재능과 헌신이 더해져 퀄리티 높은 제주 해녀들의 이야기를 들을 수 있다.,0507-1385-1828,,,가능,0.0,,목요일~일요일 10:00~18:00<br>브레이크 타임 14:30~17:00<br>※ 예약 필수,"매주 월요일, 화요일, 수요일",해녀 이야기,,,,없음,,네이버 예약,,20190621210.0
2670584,솔정가든,63191.0,솔정가든,064-751-2100,제주특별자치도 제주시 오라로12길 9 ,33.4939725199,126.5149462415,한국식 보양 음식 먹으러 가기 좋은 곳이다. 대표메뉴는 유황오리 한방백숙이다. 제주특별자치도 제주시에 있는 한식 전문점이다.,064-751-2100,,,가능,0.0,,11:00-21:00(라스트오더19:30),"신정연휴 1일, 추석연휴 3일, 구정연휴 3일",유황오리한방백숙,유황오리한방백숙 / 토종닭한방백숙,,금연,없음,가능,가능,"화장실:남녀구분


",20110628004.0
2678660,용출횟집,63151.0,용출횟집,064-742-9244,제주특별자치도 제주시 서해안로 660 ,33.5162504924,126.5076130396,바다를 바라보며 식사를 할 수 있는 곳이다. 제주특별자치도 제주시에 위치한 회전문점이다. 대표메뉴는 광어회다.,064-742-9244,,,,0.0,,12:00-21:00,명절당일,광어회,광어회 / 모듬회,,금연,없음,,,,19910627297.0
2678667,장수물식당,63119.0,장수물식당,064-749-0367,제주특별자치도 제주시 연문2길 18 ,33.4919308195,126.498603264,돼지 뼈로 육수를 우리는 제주식 고기 국수 전문점이다. 제주특별자치도 제주시에 있는 한식 전문점이다. 대표메뉴는 국수다.,064-749-0367,,,가능,0.0,,09:00-19:30,"둘째,넷째 화요일",국수,국수 / 돔베고기,,금연,없음,,가능,,19960627491.0
2678685,남경미락,63528.0,남경미락,064-794-0055,제주특별자치도 서귀포시 안덕면 사계남로 190-3 ,33.2301762012,126.3086784077,싱싱한 제주 자연산 회를 먹을 수 있는 곳이다. 대표메뉴는 다금바리회다. 제주특별자치도 서귀포시에 있는 해산물 전문점이다.,064-794-0055,,,,0.0,,11:30-21:00(라스트오더 19:30),,다금바리회,다금바리회 / 참돔회,,금연,없음,,,,19900631003.0
2678696,나목도식당,63623.0,나목도식당,064-787-1202,제주특별자치도 서귀포시 표선면 가시로613번길 60 ,33.3535949211,126.7717660363,제주 현지인들이 자주 찾는 두루치기 맛집이다. 제주특별자치도 서귀포시에 있는 한식 전문점이다. 대표메뉴는 두루치기다.,064-787-1202,,,,0.0,,09:00-20:00,비정기휴무,삼겹살,두루치기 / 삼겹살,,금연,없음,,,,19870631053.0
2678704,돈사촌,63587.0,돈사촌,064-722-9285,제주특별자치도 서귀포시 동홍중앙로52번길 4 ,33.2552498176,126.5725521882,제주산 흑돼지를 연탄불에 구워 먹는 집이다. 제주특별자치도 서귀포시에 있는 한식 전문점이다. 대표메뉴는 흑돼지삼겹살이다.,064-722-9285,,,가능,0.0,,16:00-23:30(라스트오더22:30),셋째 수요일,흑돼지삼겹살,흑돼지삼겹살 / 김치찌개,,금연,없음,,가능,,20080627070.0
2678713,해오름식당,63116.0,해오름식당,064-744-0367,제주특별자치도 제주시 오일장서길 21 ,33.4949245721,126.4759662752,제주산 흑돼지를 꼬치구이로 먹을 수 있는 곳이다. 제주특별자치도 제주시에 있는 한식 전문점이다. 대표메뉴는 흑돼지삼겹살이다.,064-744-0367,,,가능,0.0,,10:30-22:30,"첫째,셋째 화요일",흑돼지삼겹살,흑돼지삼겹살 / 양념갈비,,금연,없음,,가능,,19950627303.0
2678725,은희네 해장국,63253.0,은희네 해장국,064-726-5622,제주특별자치도 제주시 고마로13길 8 ,33.5085574275,126.540738113,현지인이 추천하는 해장국 맛집이다. 제주특별자치도 제주시에 있는 한식 전문점이다. 대표메뉴는 소고기 해장국이다.,064-726-5622,,,,0.0,,평일 06:00-15:00 / 주말 06:00-14:00,목요일,소고기해장국,소고기해장국 / 내장탕,,금연,없음,,,,
2678726,용이식당,63592.0,용이식당,064-732-7892,제주특별자치도 서귀포시 중앙로79번길 9 ,33.2511223036,126.5604727717,돼지고기를 고추장  파채  콩나물과 함께 볶는 제주식 두루치기를 판매하는 곳이다. 대표메뉴는 두루치기다. 제주특별자치도 서귀포시에 있는 한식 전문점이다.,064-732-7892,,,,0.0,,08:30-22:00,"첫째,셋째,다섯째 수요일",두루치기,두루치기 / 볶음밥,,금연,없음,,,,19840631015.0
2678733,카페메이비,63595.0,카페메이비,070-4143-0639,제주특별자치도 서귀포시 이중섭로 34 (서귀동),33.2450313688,126.5642531366,제주도 관광지 근처에 위치한 분위기 좋은 카페다. 대표메뉴는 아메리카노다. 제주특별자치도 서귀포시에 있는 카페다.,070-4143-0639,,,,0.0,,10:30-01:00,,아메리카노 / 카페라떼,아메리카노 / 카페라떼,,금연,없음,,,,20100631226.0
2678745,흑돼지가있는풍경,63092.0,흑돼지가있는풍경,064-742-1108,제주특별자치도 제주시 진군남4길 7-8 ,33.4749657383,126.4802135803,제주특산물인 흑돼지 요리를 판매하는 곳이다. 제주특별자치도 제주시에 있는 한식 전문점이다. 대표메뉴는 흑돼지삼겹살이다.,064-742-1108,,,가능,0.0,,11:00-23:00,"첫째,셋째 화요일",흑돼지,흑돼지삼겹살 / 전복구이,,금연,없음,가능,가능,,20080627128.0
2678757,만선식당,63506.0,만선식당,064-794-6300,제주특별자치도 서귀포시 대정읍 하모항구로 44 ,33.2178905255,126.2498171226,15년째 운영하는 고등어회 전문점이다. 제주특별자치도 서귀포시에 있는 해물 전문점이다. 대표메뉴는 고등어회다.,064-794-6300,,,,0.0,,11:00-21:00,"둘재,넷째 화요일",고등어회,고등어회 / 갈치조림,,금연,없음,,,,20060631179.0
2678774,김희선제주몸국,63114.0,김희선제주몸국,064-745-0047,제주특별자치도 제주시 어영길 19 ,33.5187500203,126.495352938,모자반으로 만든 제주 향토음식인 몸국을 판매하는 곳이다. 대표메뉴는 몸국이다. 제주특별자치도 제주시에 있는 한식 전문점이다.,064-745-0047,,,가능,0.0,,평일 07:00-16:00 / 토요일 07:00-15:00,일요일,몸국,몸국 / 성게미역국,,금연,없음,가능,,,20180620251.0
2678794,용두암바당회국수,63150.0,용두암바당회국수,064-711-6754,제주특별자치도 제주시 서해안로 614 ,33.517016996,126.5027328916,1인분도 주문 가능한 갈치조림 맛집이다. 대표메뉴는 갈치조림이다. 제주특별자치도 제주시에 있는 한식 전문점이다.,064-711-6754,,,가능,0.0,,08:00-22:00,연중무휴,한치물회,한치물회 / 활어회국수+게우밥 / 갈치조림 등,,금연,없음,가능,가능,,20020627434.0
2678768,솔지식당,63095.0,솔지식당,064-749-0349,제주특별자치도 제주시 월랑로 88 ,33.4924164622,126.4725305199,솔지 식당은 제주시 노형동  민속 오일시장 근처에 있는 돼지구이 전문점이다. 특히 멜조림으로 유명한 도민 맛집으로 돼지고기는 제주산만을 사용한다. 대표 메뉴는 가브리살  오겹살 목살 구이가 있고 기본 찬으로 모두부가 나오는데  고기와 함께 구워 멜젓에 찍어 먹으면 별미이다. 공깃밥을 주문하면 미역국이 함께 나온다. 관광객과 도민 모두에게 멜조림으로 유명한 솔지식당은 주변엔 도두봉  이호테우 해수욕장 등이 있다.,064-749-0349,,,있음,0.0,,"평일 12:00 ~21:40(20:30 라스트오더) , 주말 17:00~21:40 (20:30 라스트오더)",연중무휴,가브리살,"가브리살 / 오겹살, 멜조림, 순두부, 모듬 등",,금연,없음,,,,20070628095.0
2678788,미영이네식당,63506.0,미영이네식당,064-792-0077,제주특별자치도 서귀포시 대정읍 하모항구로 42 ,33.2177683175,126.2498365679,고등어회와 함께 고등어탕도 맛볼 수 있는 특별한 맛집이다. 제주특별자치도 서귀포시에 있는 한식 전문점이다. 대표메뉴는 고등어회다.,064-792-0077,,,가능,0.0,,11:30-22:00(라스트오더 20:30),매주 수요일,고등어회,고등어회 / 고등어구이,,금연,없음,가능,가능,,20040631051.0
2678810,늘봄흑돼지,63092.0,늘봄흑돼지,064-744-9001,제주특별자치도 제주시 한라대학로 12 ,33.479517895,126.4728474508,30년 전통의 소고깃집이다. 제주특별자치도 제주시에 있는 한식 전문점이다. 대표메뉴는 한우다.,064-744-9001,,,가능,0.0,,11:00-23:30,연중무휴,한우,한우 / 삼겹살,,금연,없음,가능,가능,,20090627046.0
2678815,칠돈가,63163.0,칠돈가,064-727-9092,제주특별자치도 제주시 서천길 1 ,33.5023326385,126.5107325297,연탄불에 구워 먹는 흑돼지고기 맛집이다. 제주특별자치도 제주시에 있는 한식 전문점이다. 대표메뉴는 흑돼지구이다.,064-727-9092,,,,0.0,,13:30-22:00,,흑돼지,흑돼지구이 / 김치찌개,,금연,없음,,,,20160627212.0
2678818,옥돔식당,63506.0,옥돔식당,064-794-8833,제주특별자치도 서귀포시 대정읍 신영로36번길 62 ,33.2200013905,126.2489699272,보말(고둥)로 우려낸 국물로 칼국수를 만드는 곳이다. 대표메뉴는 보말칼국수다. 제주특별자치도 서귀포시에 있는 한식 전문점이다.,064-794-8833,,,,0.0,,11:00-16:00,수요일,보말칼국수,보말칼국수,,금연,없음,,,,20010631419.0
2678822,비원,63091.0,비원,064-712-8899,제주특별자치도 제주시 수목원길 3-1 ,33.4701330338,126.486135397,2대째 이어진 삼계탕 전문점이다. 제주특별자치도 제주시에 있는 한식 전문점이다. 대표메뉴는 삼계탕이다.,064-712-8899,,,,0.0,,11:00-21:30,명절연휴,삼계탕,삼계탕 / 갈비탕,,금연,없음,,,,19760627018.0
2678828,잔마이 제원,63129.0,잔마이 제원,064-743-5010,제주특별자치도 제주시 제원길 16 ,33.4885227142,126.489229156,신선한 참치회를 맛볼 수 있다. 대표메뉴는 연어덮밥이다. 제주특별자치도 제주시에 있는 일식전문점이다.,064-743-5010,,,,0.0,,14:00-03:00,화요일,연어덮밥,연어덮밥 / 안심돈까스,,금연,없음,,,,20010628369.0
2678833,쭈이빵,63123.0,쭈이빵,064-745-8888,제주특별자치도 제주시 연동7길 42 ,33.4863701932,126.4904263233,제주 최고의 킹크랩 코스요리 전문점이다. 대표메뉴는 킹크랩이다. 제주특별자치도 제주시에 있는 한식전문점이다.,064-745-8888,,,가능,0.0,,11:00-23:00(라스트오더 22:00),연중무휴,킹크랩,킹크랩 / 랍스터,,금연,없음,가능,가능,,20050627763.0
2678840,우도밥상,63365.0,우도밥상,064-782-5204,제주특별자치도 제주시 우도면 우도해안길 170 ,33.4957042321,126.9443617087,10년째 운영해온 싱싱한 횟집이다. 대표메뉴는 물회다. 제주특별자치도 제주시에 있는 한식전문점이다.,064-782-5204,,,가능,0.0,,08:00-21:00,,물회,물회 / 해물전골,,금연,없음,,가능,,20020628417.0
2678842,몰질식육식당,63563.0,몰질식육식당,064-739-1542,제주특별자치도 서귀포시 이어도로 598 ,33.2353922146,126.4802995179,한국 미식프로그램에 소개된 맛집이다. 대표메뉴는 고기짬뽕이다. 제주특별자치도 서귀포시에 있는 한식전문점이다.,064-739-1542,,,,0.0,,10:30-15:00,일요일,고기짬뽕,고기짬뽕 / 우동,,금연,없음,,,,19910631006.0
2678847,블랑로쉐,63365.0,블랑로쉐,064-782-9154,제주특별자치도 제주시 우도면 우도해안길 783 ,33.5156772455,126.9579767334,우도에서 유명한 땅콩아이스크림을 먹을 수 있다. 제주특별자치도 제주시에 있는 카페다. 대표메뉴는 크림라떼다.,064-782-9154,,,,0.0,,4월~10월 11:00-17:00 / 11월~3월 11:00-16:00,,크림라떼,크림라떼 / 아메리카노,,금연,없음,,,,20140628522.0
2678849,광원,63091.0,광원,064-744-1000,제주특별자치도 제주시 1100로 3208 ,33.4729577002,126.4848132258,현지인도 인정한 최고의 와규를 판매하는 곳이다. 제주특별자치도 제주시에 있는 한식전문점이다. 대표메뉴는 안심이다.,064-744-1000,,,가능,0.0,,11:30-22:00,,안심,안심 / 꽃등심,,금연,없음,가능,가능,,20080627161.0
2678852,대춘해장국,63235.0,대춘해장국,064-757-7456,제주특별자치도 제주시 연북로 398 ,33.4804047192,126.5238707738,30년 전통을 가지고 있는 곳이다. 제주특별자치도 제주시에 있는 한식전문점이다. 대표메뉴는 해장국이다.,064-757-7456,,,,0.0,,06:00-16:00,매주 월요일,해장국,해장국 / 내장탕,,금연,없음,,,,20160627243.0
2678854,참맛나흑돼지,63125.0,참맛나흑돼지,064-743-8319,제주특별자치도 제주시 신대로8길 29 ,33.49186408,126.4935592595,푸짐한 양을 자랑하는 흑돼지 전문점이다. 제주특별자치도 제주시에 있는 한식전문점이다. 대표메뉴는 흑돼지오겹살이다.,064-743-8319,,,가능,0.0,,11:00-23:00(라스트오더 22:00),,흑돼지 오겹살,흑돼지 오겹살 / 목살,,금연,없음,가능,가능,,19920627629.0
2678857,돈보따리,63129.0,돈보따리,064-742-2466,제주특별자치도 제주시 제원길 6 ,33.4894948283,126.4891958039,특제소스로 양념한 제주도 흑돼지를 먹을 수 있는 곳이다. 대표메뉴는 흑돼지오겹살이다. 제주특별자치도 제주시에 있는 한식전문점이다.,064-742-2466,,,,0.0,,16:00-03:00,,흑돼지 오겹살,흑돼지 오겹살 / 갈매기살,,금연,없음,,,,20080627475.0
2678860,우도해녀식당,63365.0,우도해녀식당,010-9090-3509,제주특별자치도 제주시 우도면 우도해안길 440 ,33.5144300129,126.9488775513,우도해녀가 잡은 싱싱한 해산물을 이용해 요리하는 곳이다. 대표메뉴는 보말칼국수다. 제주특별자치도 제주시에 있는 한식전문점이다.,010-9090-3509,,,가능,0.0,,08:00-19:00,,보말칼국수,보말칼국수 / 성게비빔밥,,금연,없음,가능,가능,,20140627573.0
2678868,자연식당,63365.0,자연식당,064-784-9911,제주특별자치도 제주시 우도면 우도해안길 602 ,33.524456743,126.9525853309,살아있는 해산물과 방부제가 없는 면을 사용하는 곳이다. 대표메뉴는 문어라면이다. 제주특별자치도 제주시에 있는 한식전문점이다.,064-784-9911,,,가능,0.0,,08:00-20:00,,문어라면,문어라면 / 해물짬뽕,,금연,없음,가능,가능,,20050627450.0
2678869,인디언키친,63036.0,인디언키친,064-799-5859,제주특별자치도 제주시 애월읍 애원로 191 ,33.4504383126,126.3309743324,할랄 식단과 기도실이 마련되어 있으며  인도 현지인 셰프가 요리하는 정통 인도 음식점이다.,064-799-5859,,,가능,0.0,,11:30 ~ 21:00,,양갈비,양갈비 / 새우커리 / 탄두리치킨 외,,금연,없음,,가능,,20160628220.0
2679215,우도쉬림프,63365.0,우도쉬림프,010-7734-5123,제주특별자치도 제주시 우도면 우도해안길 1112 ,33.4977571836,126.9690484111,신선한 해산물이 들어간 요리를 먹을 수 있는 곳이다. 대표메뉴는 해물라면이다. 제주특별자치도 제주시에 있는 한식전문점이다.,010-7734-5123,,,,0.0,,10:00-18:00,,해물라면,해물라면 / 감자튀김,,금연,없음,,,,20170627532.0
2694924,24시뼈다귀탕,63125.0,24시뼈다귀탕,064-748-0012,제주특별자치도 제주시 삼무로 47 ,33.4900836926,126.4917511241,24시간 운영하는 해장국집이다. 제주특별자치도 제주시에 있는 한식전문점이다. 대표메뉴는 감자탕이다.,064-748-0012,,,,0.0,,00:00-24:00,,감자탕,감자탕,,금연,없음,,가능,,19990627702.0
2685457,제이학센,63112.0,제이학센,064-711-8616,"제주특별자치도 제주시 서해안로 232, 1층 ",33.5085035413,126.4707386445,제이학센은 제주 공항 인근에 위치한 양식 전문점으로  슈바인학센이라는 독일 전통 음식을 제주 흑돼지로 맛볼 수 있는 곳이다. 무항생제 제주 흑돼지를 독일 흑맥주로 24시간 숙성시킨 후 3일간 조리와 훈연  재숙성 과정을 거쳐 만들기 때문에 차별화된 맛을 느낄 수 있다. 게다가 제이학센은 도두동 무지개 해안 도로 바로 앞에 위치해 있어 전 좌석에서 오션뷰를 즐길 수 있으며  내부에는 다양한 종류의 제주도 기념품을 판매하는 소품샵도 있어 구경과 구매가 가능하다.,0507-1320-8616,,,,0.0,,11:00~23:00<br>브레이크타임 15:30~17:00,연중무휴,흑돼지 학센 / 흑돼지 커리부어스트,흑돼지 학센 / 흑돼지 커리부어스트 / 한치 해물 토마토파스타 / 딱새우 크림파스타 / 흑돼지 로코모코 외,,금연,없음,,,,20190620843.0
2708338,더클리프,63535.0,,,제주특별자치도 서귀포시 중문관광로 154-17 (색달동),33.2450679043,126.4156104662,"중문 해수욕장에 위치한 복합 어뮤즈먼트 공간 더 클리프는 선셋을 감상할 수 있는 최고의 오션뷰를 지닌 장소로 이색적인 공간에서 다양하고 맛있는 식음료를 제공하고 있다.
중문 해변과 선셋을 볼 수 있는 환상적인 제주 뷰를 배경으로 다양하고 재미있는 파티와 문화공연  페스티벌을 기획하고 있다. 하우스와 테크노에 흠뻑 젖을 수 있는 디제이 파티도 즐길 수 있다. 평일 오후 4시부터 마감까지  주말 오후 1시부터 마감까지 디제잉공연을 하고 있다. 안전상의 이유로 저녁 7시 이후로는 노키즈존으로 운영되며  카페 메뉴 주문은 불가능하다. 외부로 나가면 발리베드를 이용할 수 있으며 이용제한시간이 있다.",064-738-8866,,,있음(무료),0.0,,"[금, 토, 공휴일] 10:00~02:00<br>[일~목요일] 10:00~24:00",,색달비치칵테일,더클리프피자 / 흑돼지멜젖파스타 / 클럽버거 / 현무암치킨 / 각종음료 / 색달비치칵테일,,,가능,가능,단체대관(전화문의),"화장실:있음(남/녀구분)
",20110631027.0
2708692,색달해녀의집,63535.0,,,제주특별자치도 서귀포시 중문관광로 154-17 (색달동),33.2450679043,126.4156104662,해녀들이 잡아온 돌문어  쥐치 등 다양한 회와 해산물이 인기인 곳이다. 생선의 경우 즉석에서 회를 떠서 맛볼 수 잇고 멍게  문어  낙지 등 각종 해산물들도 성수기엔 거의 수족관도 거치치않고 잡아온 즉시 먹을 수 있을 정도여서 관광객들이 많이 찾는 곳이다. 바닷물이 넘실대는 해수욕장 앞으로 야외 테이블들도 펼쳐져 있어서 섬에 놀러온 기분을 만끽할 수 있다.,064-738-6042,,,,0.0,,10:00~18:00,비정기휴무,돌문어,쥐치 / 뿔소라 / 전복 / 멍게 등,,,없음,,,,19960631066.0
2715354,새빌,63039.0,새빌,064-794-0073,제주특별자치도 제주시 애월읍 평화로 1529 ,33.3615847697,126.3636734821,"기존의 리조트를 리모델링한  유럽의 중세시대 성같은 분위기의 베이커리 카페이다.
새별오름이 바로 눈앞에서 펼쳐지는 제주에서 가장 핫한 카페이며  네이버에서 대한민국 6대 이색 카페에 선정될 정도로 제주를 대표하는 애월 맛집이다. 최고의 파티쉐가 직접 만드는 대표메뉴인 크로아상은 프랑스 현지인들도 방문해서 극찬한 맛이다. 웅장하고 고풍스러운 분위기를 마음껏 느낄 수 있는 최고의 카페이다.",0507-1315-0080,,,가능,0.0,,09:00~18:00 (라스트오더 17:30),연중무휴,크로와상,한라봉 에이드 / 새빌라떼 / 핑크뮬리 쉬폰 등,,,가능,,전화 문의 예약(064-794-0073),"화장실:남/녀 화장실 구분
",
2808937,오드랑베이커리,63333.0,,,제주특별자치도 제주시 조함해안로 552-3 ,33.5421641344,126.6715954192,오드랑베이커리는 커피와 빵을 판매하는 베이커리 카페이다. 다양한 빵을 판매하는데 그 중 제주어로 마늘을 뜻하는 마농바게트가 유명하다. 가게 앞에 주차 공간이 있지만 넉넉한 편은 아니므로 방문시 참고하여야 한다.,064-784-5404,,,가능,0.0,,07:00 ~ 22:00,,마농바게트,인절미 브레드 / 카페모카 / 먹물치아바타 외,,,가능,가능,,,20170627121.0
2726291,떡하니문어떡볶이,63358.0,,,제주특별자치도 제주시 구좌읍 행원로9길 9-5 ,33.5538039296,126.8078416536,2016년 2월 처음으로 문어떡볶이를 개발한 문어떡볶이 원조집이다. 큼지막한 문어 다리가 들어가는 문어 떡볶이를 다 먹은 후에 볶음밥을 비벼 먹는 것이 별미이다. 메뉴는 문어 즉석 떡볶이와 고기 즉석 떡볶이 두 가지로 매운 정도를 선택하고  추가로 사리나 튀김  군만두 등을 추가하여 먹을 수 있다.,064-782-7566,,,가능 (소형 3대)<br>요금 (무료),0.0,,11:30~17:00 (16:30 라스트오더),"매주 목요일, 금요일",문어 즉석 떡볶이,고기 즉석 떡볶이,,,가능,,,,
2753021,국수바다 본점,63534.0,,,제주특별자치도 서귀포시 일주서로 982 (색달동),33.2585801496,126.405966557,국수바다 본점은 서귀포 중문에 가면 꼭 한번 들러야 할 맛집으로 유명하다. 고기국수는 돼지뼈로 우린 뽀얀 육수를 넣고 수육을 올려 먹는 제주도의 향토 음식으로  국물에서 제주의 맛을 고스란히 느낄 수 있다. 담백하면서 깔끔하여 남녀노소 누구나 사랑할 수밖에 없는 맛이다. 제주 여행에서 빼놓을 수 없는 것이 독특한 지역색을 담고 있는 향토음식인데  제주만의 매력적인 향토음식을 마음껏 맛보고 싶다면 국수바다에서 고기국수 한 그릇은 필수다. 몸국과 성게국밥은 포장도 가능하며 넓은 주차장은 물론 100명 정도 수용 가능한 대형음식점으로 단체 여행객도 편안한 식사를 즐길 수 있다.,064-739-9255,,,가능,0.0,,08:00~21:00,"매달 1, 3번째 수요일",베지근한 고기국수,시원한 밀면 / 새콤달콤 비빔국수 / 푸짐한 성게전복칼국수 / 깔끔한 성게전복국수 등,,,가능,불가,가능,"부대시설:단체석  주차장  화장실  무선 인터넷
화장실:가능 (남녀 구분)
",20220903999.0
2763746,카페 말로,63345.0,,,제주특별자치도 제주시 조천읍 남조로 1785-12 ,33.4275129369,126.6721257685,제주시 조천읍에 위치한 말로는 숲속 목장 카페로  자유롭게 뛰어노는 말을 만날 수 있는 카페다. 주차장에서 카페로 이동하는 숲길에는 조명들로 꾸며진 포토존이 있으며  카페 내부는 말과 관련된 소품들로 가득하다. 먹이 주기 체험도 가능하며  말  알파카 등 야외에서 동물들과 교감할 수 있어 아이들과 함께 방문하기에도 좋은 카페다.<br>,010-6691-5197,,,,0.0,,11:00~18:00 <br>17:00 라스트오더,연중무휴 (임시휴무 등 인스타그램 공지),말로나라떼,로지라테 / 그린한라떼 / 바닐라라테 / 자몽에이드 / 레모네이드 / 자몽차 외,,,없음,,,,20130627831.0
2765208,슬슬슬로우,63349.0,,,제주특별자치도 제주시 구좌읍 덕행로 207 ,33.5304257222,126.7930573642,한적하고 평화로운 마을인 제주도 구좌읍에 모던과 레트로  일식과 한식의 독특한 조화를 이루는 퓨전 레스토랑이다. 슬슬슬로우는 토속적이면서 세련된 외관에 옛날 TV  라디오 등의 소품으로 레트로한 느낌을 자아낸다. 이곳의 메뉴들은 제주 흑돼지를 도마에 놓고 보쌈처럼 썬 돔베고기를 활용했는데  돔베 라면은 마치 일본의 라멘을 연상케 한다. 제주답게 해석한 맛과 식감을 자랑한다.,010-9261-9284,,,가능,0.0,,11:30~19:00 (18:30 라스트오더),연중무휴 (비정기 휴무),돔베 라면,돔베 땡초 김밥 / 돔베고기 조금 등,,,가능,가능,현장 예약만 가능,"화장실:가능 (남녀 구분)
부대시설:주차장  화장실
",20200621878.0
2765209,아서원,63600.0,,,제주특별자치도 서귀포시 칠십리로 699 (하효동) ,33.2543617354,126.6171816748,아서원은 효돈동 주민센터 인근에 있는 중식당이다. 제주에서 유명한 3대 짬뽕으로 알려져 있으며 수요 미식회를 통해 방송된 곳이다. 대표 메뉴는 진하고 깊은 사골 육수를 이용한 짬뽕으로 오징어  홍합  새우  채소 등의 재료를 불향이 잘 느껴지도록 볶은 뒤 얼큰하게 끓여내 맛이 깊다. 국물 색깔 역시 일반 짬뽕처럼 붉은색이 아닌 주황빛을 띤다. 먹을수록 얼큰한 맛이 올라와 중독성이 강하다. 바삭하게 튀겨낸 돼지고기에 새콤달콤한 소스를 얹은 탕수육 역시 식사에 곁들여 먹기 좋다. 모든 메뉴는 주문과 함께 선불이다.,0507-1420-3130,,,가능,0.0,,10:00~18:30 (주문 마감 18:15),비정기휴무,짬뽕,"짬뽕밥, 자장면, 탕수육 등",,,가능,가능,전화문의,"화장실:있음 (남/녀 구분)

",1992063112.0
2765211,윈드스톤,63062.0,,,제주특별자치도 제주시 애월읍 광성로 272 ,33.4605083046,126.4361038522,제주시 애월읍의 작은 마을 어귀를 지나면  나지막한 지붕에 아늑한 공간  큰 창이 나 있는 카페 윈드스톤이 있다. 이름처럼 제주의 전통가옥인 돌담 집 콘셉트로  날이 좋으면 앙증맞은 정원에서 커피를 즐길 수도 있다. 책방도 같이 운영하고 있는데  책 종류가 많지는 않고 독립 출판물이나 매거진  인센스 스틱과 달력 등을 판매하고 있다. 신선한 원두로 내린 커피와 북 마스터가 선별한 다양한 서적들을 만나 볼 수 있다. 공항과도 가까워 공항 가기 전이나 여행 중 잠깐 들러 여유를 만끽하기 좋은 곳이다.,070-8832-2727,,,불가능<br>※ 인근 도로 이용 가능,0.0,,09:00~17:00,"매월 둘째주, 넷째주 일요일",아몬드라떼,아메리카노 / 스트롱라떼 / 더치 콕 / 핸드드립 / 디저트 외,,,가능,가능,,"부대시설:서점  주차장  화장실
화장실:가능 (남녀 구분)
",20160627774.0
2765214,올레안뜰,63573.0,,,제주특별자치도 서귀포시 법환로 24 (법환동),33.2372591895,126.5128244343,제주 전통 가옥을 개조한 식당으로 어마어마한 크기의 흑돼지 돈가스로 유명하다. 신선한 흑돼지를 두툼하게 썰어 바삭하게 튀겨내며  성인 손바닥 4개 정도의 크기인데  2인이 먹어도 배가 부를 정도로 양이 푸짐하다. 올레안뜰은 내부가 아늑하고 편안한 분위기로  여유롭고 따뜻한 느낌을 주어 더욱 편안한 식사를 즐길 수 있다. 돈가스와 함께 햄버거를 만들어 먹을 수 있도록 모닝빵과 양상추샐러드 등을 함께 내어준다.,0507-1318-7720,,,불가능,0.0,,11:30~21:00 (마지막 주문 20:00),매주 목요일,흑돼지 왕돈가스,흑돼지 매운 왕돈가스 / 보통 돈가스 / 눈꽃 치즈 스파게티 등,,,가능,가능,전화 문의,"화장실:있음
",20150631296.0
2765215,제주돗,63004.0,,,제주특별자치도 제주시 한경면 조수2길 34 ,33.3332080432,126.2308467693,제주시 한경면 깊숙한 곳에 있는 제주돗은 맛 좋은 돼지고기를 파는 돼지고기구이 전문점이다. 대기가 많은 편이나  잘 관리된 마당에 텐트와 의자  아이들이 놀 수 있는 놀이 공간 등이 마련돼 있어 가족 단위 손님들이 많이 찾는다. 메뉴는 백돗근고기와 흑돗근고기가 있다. 돗은 제주 방언으로 돼지라는 뜻이며  흑돗은 잘 알려진 제주 흑돼지를 뜻한다. 두꺼운 고기를 직원들이 맛있게 구워주어 먹기 편하다. 직원들이 친절하며 아기 의자가 마련되어 있는 등 편의시설이 잘 갖춰져 있다.,064-772-0505,,,가능,0.0,,16:00 ~ 22:00 (21:00 라스트오더),매주 화요일,흑돗목살,흑돗오겹살 / 삼겹갈비 / 김치찌개 등,,,가능,가능,,"화장실:가능 (남녀 구분)
부대시설:주차장  화장실
",20160628168.0
2765218,TONKATSU 서황 / 돈카츠서황,63037.0,,,제주특별자치도 제주시 애월읍 장소로 205-2 ,33.4343908561,126.3796037976,돈카츠 서황은 TV 프로그램 효리네 민박을 통해 유명해진 돈가스 전문점이다. 소길리라는 조용한 동네에 아기자기하게 꾸며놓은 작은 식당으로 사계절 내내 많은 관광객이 방문하고 있어 대기가 긴 편이다. 메뉴는 흑돼지 등심과 안심을 튀겨 만든 서황 카츠와 안심카츠  생선카츠  또  흑돼지 안심과 생선  새우를 모두 맛볼 수 있는 모둠카츠가 있다. 돈가스는 육즙을 그대로 머금고 있어 매우 부드럽다.  시그니처 메뉴인 생선카츠 역시 그날그날 쓰는 생선이 다르며 부드럽고 신선한 맛이 일품이다.,064-799-5458,,,가능,0.0,,11:30~20:00 (브레이크타임 15:00~17:30 / 라스트오더 19:30),매주 화요일,서황카츠,안심카츠 / 생선카츠 / 모듬카츠 등,,,가능,가능,전화문의,"화장실:있음 (남녀 구분)

",20160627329.0
2767628,맛나식당,63640.0,,,제주특별자치도 서귀포시 성산읍 동류암로 41 ,33.4485673146,126.916020808,제주의 관광명소 성산 일출봉으로 가는 길목에 갈치조림이 맛있기로 소문난 맛나식당이 자리하고 있다. 예전에는 갈비 식당을 운영하다가 현재는 사장 겸 주방장을 맡은 제주 토박이 주인 할머니가 갈치조림을 메뉴로 내었다. 1인분을 주문하면 4조각의 오동통한 갈치조림이 나오는데  가격은 다른 곳의 절반 수준으로 가성비 좋은 갈치 요리를 맛볼 수 있다. 근처 성산포에서 잡은 갈치와 고등어만을 사용하기 때문에 언제나 싱싱한 생선 요리를 만날 수 있다. 갈치는 여름보다 가을부터 봄까지 추울 때가 맛이 좋다고 하니 참고하면 된다.,064-782-4771,,,공용주차장 (주말만 무료),0.0,,08:30 ~ 14:00,"매주 수요일, 일요일",갈치고등어 섞어조림 (2인이상),단일 메뉴,,,가능,가능,방문 예약,"화장실:있음 (남녀 구분)

",19900631058.0
2767629,당케올레국수,63629.0,,,제주특별자치도 서귀포시 표선면 표선당포로 4 ,33.3253464076,126.8431743854,당케 올레국수는 제주도 표선해수욕장 근처에 있는 국수 전문점이다. 주요 메뉴는 걸쭉하고 칼칼한 맛의 보말칼국수다. 칼국수 메뉴에도 죽처럼 쌀이 들어가 죽과 면을 한 그릇에 맛볼 수 있고  속까지 뜨끈해지는 맛이 진국이라는 평이 많이 받고 있다. 보말죽 역시 기본적으로 청양고추가 들어가 있어 물리지 않고 끝까지 담백하고 매콤하게 먹을 수 있다. 이외에도 성게 칼국수  고기 국수  한치 무침  자리 무침 등 제주 특산 메뉴가 다양하게 준비돼 있으니 마음껏 즐기면 된다.,064-787-4551,,,가능,0.0,,08:00~17:00 (라스트오더 16:30),매주 목요일,보말칼국수,성게칼국수 / 고기국수 / 한치무침 등,,,가능,가능,전화 문의,"부대시설:주차장  화장실

",20130631370.0
2767663,제주곰집,63564.0,,,제주특별자치도 서귀포시 이어도로 703-4 (강정동),33.2349202094,126.4907541776,제주곰집은 제주도의 가장 유명한 음식 재료인 흑돼지와 신선한 해산물을 한 메뉴로 맛볼 수 있는 돼지고기구이 전문점이다. 흑돼지 해산물 모둠 메뉴를 주문하면 질 좋은 돼지고기와 더불어 대하구이  전복 버터구이  키조개 볶음과 같은 해산물을 함께 즐길 수 있다. 고기는 초벌 되어 나오며  연탄불에 은은하게 구워 풍부하게 느껴지는 육향이 일품이다. 상차림 역시 풍성한 편이며  고사리나물  멜젓 등 제주의 향토음식과  함께 거나한 한 끼를 만끽하고 싶다면 방문해 보는 것을 추천한다.,0507-1305-6002,,,,0.0,,11:00~23:00 (라스트오더 22:00),연중무휴,흑돼지 해산물 모둠,흑돼지 근고기(오겹살) / 흑돼지 근고기(목살) / 해물우동볶음 등,,,가능,,전화문의,"화장실:있음 (남녀 구분)

",20130631356.0
2767694,신설오름,63255.0,,,제주특별자치도 제주시 고마로17길 2 (일도이동),33.5054161224,126.541590888,제주 몸국은 돼지고기 삶은 물에 모자반과 미역을 넣어 삶아내고 기호에 따라서 돼지 내장이나 선지를 곁들인 후 메밀가루를 풀어 농도를 조절한 향토 음식이다. 신설오름은 제주에서 유명한 몸국 전문점이며  공항 근처에 있어 많은 관광객이 찾는 맛집이다. 몸국 외에도 제주 특산 메뉴를 다양하게 만나볼 수 있다. 신설오름의 몸국은 진한 국물에 감자탕과 같이 깊고 진한 맛이 특징이다. 이 밖에도 야들야들한 식감의 돔베고기도 이 집의 인기 메뉴다. 관광객뿐만 아니라 현지 도민의 단골집이기도 하다.,064-758-0143,,,불가능,0.0,,08:00 ~ 04:00 (03:00 라스트오더),매주 월요일,고등어구이,돔베고기 / 몸국 / 고기국수 등,,,가능,가능,,"부대시설:있음 (남녀 구분)


",19920627320.0
2767696,국수만찬,63123.0,,,제주특별자치도 제주시 은남3길 1 (연동),33.4871618534,126.4955008644,제주에서 맛볼 수 있는 특별한 메뉴인 고기국수는 그 육수와 면 종류가 달라 식당마다 개성이 뚜렷하다. 국수 만찬은 공항에서 멀지 않은 제주시 연동에 자리하고 있는 국수 맛집으로 2007년부터 시작해 오랫동안 자리를 지키고 있는 식당이다. 국수 메뉴로는 고기국수  멸치국수  비빔국수가 있으며  수육과 돔베고기  아강발 등 다양한 제주 특산 메뉴를 판매한다. 면은 얇지 않은 중간 면을 쓰며 수육이 푸짐하게 올라가 있어 식감이 좋다. 관광객은 물론 현지인들도 많이 방문한다.,064-749-2396,,,가능 (골목),0.0,,목요일~월요일 11:30~20:00 (브레이크타임 14:00~17:00 / 라스트오더 19:30)<br>화요일 11:30~14:00 (라스트오더 13:30),매주 수요일 / 명절 연휴,고기국수,멸치국수 / 비고국수 / 비빔국수 / 물만두 / 돔베고기 등,,,가능,가능,현장예약만,"화장실:있음 (남/녀구분)

",20030627255.0
2767704,백리향,63331.0,,,제주특별자치도 제주시 조천읍 신북로 244 ,33.5370169503,126.6384400846,제주의 동부에 자리한 함덕 해수욕장 근처에 가성비 좋은 백반집  백리향이 있다. 가정식 백반집으로  갈치구이와 옥돔구이 메뉴도 만나볼 수 있다. 정식 메뉴에는 된장찌개와 제육볶음  생선구이 등이 함께 나온다. 가정식 백반답게 주인장만의 정겨운 손맛이 느껴지는 메뉴들이다. 저렴한 가격에 푸짐한 한 상이 차려져 현지 도민들이 많이 찾는다. 주차장은 따로 마련되어 있지 않으며  근처 마트의 주차장을 이용하거나  골목 혹은 공용 주차장을 이용하면 된다.,0507-1394-9600,,,불가,0.0,,08:00~20:00,연중무휴,고등어정식,고등어정식 / 갈치구이 / 돼지김치찌개 / 우삼겹된장찌개 등,,,가능,가능,현장선착순,"화장실:있음 (남녀 구분)

",20090627642.0
2767779,태광식당,63153.0,,,제주특별자치도 제주시 탑동로 144 (용담일동),33.5126399595,126.5188093708,태광식당은 제주공항 근처 맛집으로 유명한 주물럭 전문점이다. 주력 메뉴인 주물럭 요리는 돼지 주물럭과 한치 주물럭  곰장어 주물럭  소 염통 주물럭 등이 있으며  이외에도 물회 메뉴가 다양한 편이다. 매콤 달콤한 양념이 각종 채소와 주물럭 메뉴와 볶아지며  쌈에 밥과 함께 싸 먹으면 그 맛이 일품이다. 주물럭 메뉴를 다 먹은 후에는 볶음밥까지 볶아 먹으면 완벽한 한 끼가 완성된다. 많은 유명 인사가 다녀간 곳으로 관광객은 물론 현지인들의 발길이 끊이지 않는다.,064-751-1071,,,불가능,0.0,,10:30 ~ 21:40 (브레이크타임 15:00~17:00 / 라스트오더 20:40),매주 일요일,돼지주물럭식사,된장뚝배기 / 옥돔구이식사 / 한치물회식사 / 전복구이 / 한치불고기 등,,,가능,가능,,"화장실:가능 (남녀 구분)
부대시설:화장실  주차장
",20070627846.0
2767786,짬뽕에취한날,63119.0,,,제주특별자치도 제주시 귀아랑2길 4 (연동),33.4912336621,126.497833902,짬뽕에 취한 날은 제주공항 근처 연동에 자리 잡은 짬뽕 전문점이다. 일반 중식당과 다르게 갈비가 올라간 갈비 짬뽕으로 유명해진 식당이다. 메뉴는 갈비 짬뽕과 일반 짬뽕  짜장면  탕수육  깐풍육  그리고 계절 메뉴인 갈비 냉짬뽕  일반 냉짬뽕 등이 있다. 내부 홀은 넓은 편이며  A홀  B홀로 나누어 회전율을 높였다. 갈비 짬뽕에 올라간 갈비는 불향이 가득 묻어있으며  맵지 않고 칼칼하고 얼큰한 맛에 단골이 많은 편이다. 관광객뿐만 아니라 현지 도민들도 점심시간에 즐겨 찾는다.,070-8227-2335,,,가능 (공영주차장 이용),0.0,,10:30~14:30,매주 일요일,갈비짬뽕,짬뽕 / 해물짬뽕 / 냉짬뽕 / 탕수육 등,,,가능,가능,현장 선착순,"부대시설:화장실
화장실:있음 (남/녀 구분)
",19960627865.0
2767814,쌍둥이횟집 본점,63595.0,,,제주특별자치도 서귀포시 중정로62번길 14 (서귀동),33.2466256167,126.5629226603,모둠회 맛집으로 소문난 쌍둥이횟집은 서귀포 매일 시장의 작은 횟집 쌍둥이수산에서 시작해 현재에 이르렀다. 푸짐하고 다양한 밑반찬과 싱싱한 회로 현지인은 물론이고 많은 관광객에게 사랑받고 있다. 밑반찬에는 어린이 손님도 좋아하는 생선구이와 돈가스가 있어서 가족 단위 손님도 많은 편이다. 스페셜 세트 메뉴는 인원 수에 따라 맛볼 수 있는 메뉴 구성으로 되어 있는데  가격 대비 풍성한 메뉴로 구성되어 제주 해산물을 코스처럼 다양하게 즐기고 싶다면 맛보는 것을 추천한다.,064-762-0478,,단체석 가능,가능,0.0,,11:00~22:00 (라스트오더 20:30),연중무휴,모듬회스페셜,다금바리 / 갯 돔 / 참돔 등,,,가능,가능,전화문의,"화장실:있음 (남녀 구분)

",20080631038.0
2783385,제주로운청해원,63641.0,,,제주특별자치도 서귀포시 성산읍 신양로 101 ,33.4367686925,126.9206567893,제주 서귀포시 성산읍에 있는 제주로운청해원은 향토음식점이다. 섭지코지  아쿠아 플라넷  성산일출봉 등 관광명소가 근처에 있어 접근성이 좋다. 매일 아침 성산항에서 잡아 오는 제주산 갈치를 이용하여 만드는 갈치조림과 고등어 김치찜 세트가 이 집 대표 메뉴이다. 세트 메뉴는 갈치조림 또는 고등어 김치찜 중 하나를 선택하고 나머지 옥돔구이  해물뚝배기  찰솥밥이 나오는 구성이다. 전복뚝배기  전복죽  성게국  물회 등 단품 메뉴도 있다. 자극적이지 않고 신선한 재료로 만들어 집밥이 생각난다면 제주로운청해원을 추천한다. 아침 8시부터 식사를 할 수 있다.,064-782-7008,,,주차가능,0.0,,08:00~21:00,,갈치조림,고등어김치찜 / 옥돔구이 /  갈치조림 / 옥돔구이 / 전복뚝배기 외,,,가능,가능,전화문의,"화장실:가능
부대시설:주차장  화장실
",20200624215.0
2790487,제주돌창고,63004.0,,,제주특별자치도 제주시 한경면 조수7길 8 ,33.3371215416,126.2335770008,오랫동안 비어 있던 제주 전통 돌창고를 재활용한 카페다. 제주만의 감성을 듬뿍 담은 외관부터 눈길을 사로잡는 이곳은 내부 또한 원형을 고스란히 보존해 독특한 분위기를 완성했다. 야자수와 돌담이 그림처럼 어우러진 야외 수영장은 제주돌창고의 최고 인기 포토존 가운데 그네를 설치해 휴양지에 온 것 같은 설렘도 느낄 수 있다. 수영장 주변에 마련된 선베드도 색다른 분위기를 즐기기 좋다. 먹거리에도 제주다움이 그대로 묻어난다. 제주 전통 음료인 쉰다리와 보리개역을 비롯해 협재리 한라봉  월령리 백년초  명월리 석류  서귀포 말차를 활용한 로컬음료도 선보인다. 지름떡과 오메기떡 등 제주 전통 디저트도 맛볼 수 있다.,064-773-1972,,,가능,0.0,,10:00~18:00 (라스트오더 17:30),매주 일요일,돌창고라떼,돌창고라떼 / 보리개역라떼 / 금능바다빙수 / 쉰다리 등,,,없음,,,,20200621122.0
2792522,면뽑는선생 만두빚는아내,63026.0,,,제주특별자치도 제주시 한림읍 일주서로 5608 1층,33.4276094433,126.2776350395,제주시 한림읍에 있는 면뽑는선생만두빚는아내는 제주산 한우 양지와 아롱사태만 사용한 수육  그리고 제주산 돼지고기로 빚은 만두를 사용하는 만두전골 전문점이다. 만두 위에 고기  버섯 등이 올라간 한우수육버섯만두전골이 인기 메뉴다. 또 다른 메뉴로는 손만둣국  한우사골만둣국 등이 있다. 전골 위에 올라간 수육은 질기지 않고 부드러우며  만두 역시 직접 빚은 손만두로 감칠맛이 느껴진다. 만두를 다 먹은 후에는 직접 뽑은 생면을 넣어 먹는데  쫄깃한 식감이 일품이다.,0507-1373-4562,,,가능,0.0,,10:30~21:00<br>- 준비 시간 16:00~17:00<br>- 마지막 주문 19:50,매주 수요일,한우수육만두전골,손만둣국 / 사골만둣국 / 떡만둣국 등,,,가능,,전화문의,"부대시설:주차장  화장실
화장실:가능 (남녀구분)
",20160628574.0
2801936,집의기록상점,63024.0,,,제주특별자치도 제주시 한림읍 귀덕11길 60 ,33.446532657,126.297230134,제주시 한림읍에 위치하고 있는 집의기록상점은 바다 마을 작은 시골가게로 맛있는 타르트와 디저트를 소품들과 함께 판매하고 있다. 떠오르고 있는 베이커리&소품샵으로 관광객의 발걸음이 잦은 곳이다. 그중 줄 서서 먹을 정도로 타르트가 인기다. 디저트 외에도 아기자기한 소품  다양한 식기류  옷이 있다.,070-8845-5556,,,가능 (가게 뒤편 돈해상/버거요 주차장 이용)<br>요금 (무료),0.0,,13:00~17:00,"매주 수요일, 목요일",에그 타르트,콘 타르트 / 아메리카노 / 옥수수라테 / 단호박라테 등,,,가능,가능,,,20200621080.0
2802732,카페 귤꽃다락,63571.0,,,제주특별자치도 서귀포시 이어도로1027번길 34 ,33.2464388857,126.522523388,1978년에 지어진 귤밭 돌창고를 개조한 카페다. 모든 케익류와 양갱  음료에 쓰이는 청은 수제로 만들어졌다. 대표메뉴로는 청귤무스케이크와 제주녹차샷슈크림라떼가 있고 그 외에 귤차  귤라떼  귤양갱  귤에이드 등 이 있다. 매장 이용 시 아동과 함께 올 경우 동의서의 서명이 필요하며 본관(돌창고)는 애견동반이 불가하지만 별관과 귤밭은 애견동반이 가능하다. 매장 내 귤밭 포토존이 있어 제주도의 감성을 듬뿍 담을 수 있다. 카페에 귤 따기 체험은 없지만 무인 귤 판매대가 있어서 귤 구매가 가능하다. 주차공간은 별도로 마련되어 있지 않지만 돌담을 따라 갓길에 주차가 가능하다.,0507-1409-2323,,,가능 (갓길 주차),0.0,,11:00 ~ 19:00 (라스트 오더 18:20),연중무휴,청귤무스케이크,제주녹차샷슈크림라떼 / 귤차 / 귤양갱 / 아인슈페너 / 아메리카노 외,,,가능,가능,,"부대시설:무선인터넷 
화장실:남/녀 화장실 구분
",20200624851.0
2804378,효은양갱,63527.0,,,제주특별자치도 서귀포시 안덕면 덕수회관로 14 ,33.2519488887,126.3145218618,제주도에 위치한 카페이다. 건강에 좋고 향도 좋은 블랜딩 차와 직접 만든 귀엽고 달콤한 디저트인 한라봉 수제양갱을 맛볼 수 있다.,0507-1417-8902,,,가능,0.0,,10:00~18:00,연중무휴,한라봉양갱,한라봉오란다 / 한라봉푸딩젤 / 한라봉차 / 한라봉에이드 등,,,가능,가능,,,20170631267.0
2809900,묘한식당,63005.0,,,제주특별자치도 제주시 녹차분재로 601 ,33.3226513668,126.2621387286,묘한식당은 제주 한경면에 위치한 음식점으로 돈가스와 파스타를 판매한다. 메뉴는 흑돼지돔베카츠  크림빠네  뽀모도로  칠리딱새우 등 다양한 요리가 있다. 흑돼지돔베카츠는 제주산 흑돼지 안심으로 만들어 부드럽다. 또한 묘한식당의 특제 칠리소스와 여러 종류의 새우로 맛을 낸 매콤한 칠리딱새우 파스타가 인기 메뉴이다. 내부는 깔끔하고 정돈된 느낌을 주고 테이블이 여유롭게 배치되어 있어 편하게 식사를 즐길 수 있다.,064-772-4466,,,가능<br>요금 (무료),0.0,,11:00~20:00 (브레이크 타임 15:00~17:00),"매주 화요일, 수요일",흑돼지돔베카츠,뽀모도로 파스타 / 뽀모도로 / 크림빠네파스타 / 칠리딱새우덮밥 / 감바스 등,,,가능,,,"화장실:있음 
",20180621690.0
2811460,카페 톨칸이,63365.0,,,제주특별자치도 제주시 우도면 우도해안길 32-24 ,33.4940129228,126.9548691711,카페 톨칸이는 우도가 숨겨둔 비경  톨칸이 해변과 큰 바위 얼굴을 품고 있는 전망 카페이다. 우도의 명물인 땅콩으로 만든 각종 커피와 빙수를 맛볼 수 있으며  제주도와 잘 어울리는 티  에이드  주스도 준비되어 있다. 또한  우도의 계절을 담은 부드럽고 달달한 일본 디저트 ‘테린느’도 맛볼 수 있다.,064-766-6030,,,가능,0.0,,10:30~17:00 (라스트오더 16:30),연중무휴,톨칸이라떼,톨칸이라떼 / 톨칸이땅콩빙수 / 우도멜량슈 아이스 외,,,가능,가능,,"화장실:있음(남/녀 구분)
",20220898209.0
2815713,오라디오라,63528.0,,,제주특별자치도 서귀포시 사계로114번길 54-102 ,33.2350839854,126.3081783424,빨간 벽돌로 지어진 웅장한 건물이 눈에 띈다. 오라디오라는 실내에 베이킹 공간이 크게 자리잡고 있어 디저트를 직접 만드는 곳이란걸 단번에 알 수 있다. 다양한 디저트 외에 브런치 메뉴도 있으며  주차장도 넓어 이용하기 편리하다. 내부가 넓고 깨끗하여 단체 단위로 와도 충분히 즐길 수 있다.  산방산 뷰를 보며 여유로운 시간을 보낼 수 있다.,064-794-0340,,,가능,0.0,,10:00~21:00,,다양한 베이커리,제주말차라떼/트러플 리코타 브리오슈<br>무화과스콘/한라산스콘,,,,,,,20190624655.0
2830340,우유부단,63021.0,,,제주특별자치도 제주시 금악동길 38 ,33.3476524167,126.3280741083,사회적 기업 섬이다가 운영하는 우유부단은 제주에서 낙농업이 시작된 이시돌목장에 자리 잡고 있다. 제주의 신선한 우유로 만든 아이스크림과 밀크티가 인기이고  외부공간에서 식음 할 수 있도록 돗자리를 빌려주는 등 환경친화적인 서비스를 하고 있다. 사진 찍기 명소로 유명한 테쉬폰 옆에 자리 잡고 있어 주말이면 언제나 여행자가 많다. 뒤끝 없이 깔끔한 수제 아이스크림은 빨리 녹기 때문에 바로 취식해야 하고  밀크티도 무방제로 오래 두고 먹을 수는 없다. 다만 밀크 잼 종류가 선물하기 좋게 포장이 잘 되어 있으며 맛도 다양하다.,064-796-2033,,,가능,0.0,,10:00~18:00,연중무휴,아이스크림,아이스크림 / 밀크티 / 밀크쉐이크 / 아메리카노 등,,,,,,,20160627748.0
2830365,다랑쉬,63160.0,,,제주특별자치도 제주시 용문로21길 4 ,33.5088763391,126.5094935992,2019년 ‘제주다운 건축상’을 수상한 다랑쉬에서는 1945년부터 현재까지 제주 건축의 변화를 볼 수 있다. 초가지붕은 1973년에 슬레이트 지붕으로 바뀌었고  2018년 카페로 리뉴얼하면서 지붕 위로 콘크리트 수조를 만들어 물을 채웠다. 벽면도 초가집 당시의 돌벽에서 벽돌과 시멘트  콘크리트까지 변화를 그대로 볼 수 있다. 리뉴얼 당시 나온 옛집의 건축 자재로 소품을 만들고  집 안에 집을 둔 독특한 분위기와 포토존이 많아 일부러 찾아오는 손님이 많다. 가을에는 마당에서 딴 단감으로 주스를 만들어 판매한다.,0507-1323-4857,,,없음 (골목 길가 주차),0.0,,10:00~19:00,"매주 화요일, 수요일",아메리카노,비엔나 / 단팥커피 / 차 / 생과일주스 / 디저트 외,,,,,,"화장실:별관에 있음
",20190620303.0
2830500,그럼외도,63068.0,,,제주특별자치도 제주시 월대3길 16 ,33.4942462039,126.434039381,제주특별자치도 외도이동 바닷가에 있는 돌집을 개조한 소박한 카페이다. 바닷가에 있지만 바다는 보이지 않고  골목에 간판도 없이 숨겨져 있다. 작은 마당에는 카페가 두 채로 나뉘어 있고  문갑  창호 문  항아리 같은 오래된 물건들과 화분이 조화로운 감성 카페이다. 대기 손님들에게는 진동벨 대신 숫자가 써진 돌멩이를 주고  에이드류는 빈티지 유리컵에 서빙한다. 시그니처는 증편과 돌멩이라테다. 돌멩이라테는 커피를 돌멩이처럼 얼려 우유와 함께 제공한다. 제주 감성을 담은 독특한 메뉴와 편안한 분위기로 여행자들에게 인기가 많다.,0507-1496-0719,,,없음,0.0,,11:00~19:00,매주 화요일,귤에이드 / 귤소르베,귤에이드 / 귤소르베 / 탐라주악 / 돌멩이라뗴 외,,,,,,,20200620010.0
2831590,고집돌우럭 중문점,63534.0,,,제주특별자치도 서귀포시 일주서로 879 청해어장 ,33.2580109376,126.4167184145,서귀포 중문관광단지 근처에 있는 고집돌우럭은 제주 제철음식을 전문으로 하는 토속음식점이다. ‘갓 지어 고슬고슬 맛난 밥을 대접한다’  ‘제주에서 가장 신선한 식재료만을 사용하겠다’  ‘눈으로 먹는 음식이 맛도 좋다’는 세 가지 고집을 신념으로 하며 제주 우럭의 참맛을 알리는 데 노력하고 있다. 메뉴는 우럭조림과 낭푼밥을 포함하는 런치와 디너 코스요리 각 네 가지씩 선보이고 있으며 2인분 이상 주문할 수 있다. 주변 여행지로는 중문 색달해수욕장과 대포주상절리가 있다.,064-738-1540,,,있음 / 소형 약 15대,0.0,,10:00~21:30 (브레이크타임 15:00~17:00),연중무휴,디너 산,디너 해 / 디너 진 / 디너 미 / 런치 A~D,,,,,,,20150631120.0
2831920,수애기베이커리,63506.0,,,제주특별자치도 서귀포시 동일하모로98번길 48-59 ,33.2222482902,126.2442091801,‘수애기’는 돌고래의 제주 방언으로 돌고래들이 자주 나타나는 제주 모슬포항과 동일리포구 사이에 있다. 수애기 베이커리에서는 매일 직접 구운 다양한 빵을 즐길 수 있다. 2020년 제18회 제주건축문화대상 비주거 본상을 받은 수애기 베이커리는 전체적으로 원의 형태를 가지며 가운데 둥근 중정을 두고 있다. 통창을 통해 다양한 각도에서 바다를 볼 수 있고  석양이 아름다우며 운이 좋으면 돌고래를 볼 수 있다. 올레 11코스이고  추사유배지  송악산과 가깝다.,064-792-7997,,,있음 / 소형 약 30대,0.0,,10:00~23:30 (라스트오더 23:20),연중무휴,아메리카노,아몬드크림라테 / 딸기라테 / 스무디 / 에이드 / 티 / 베이커리 외,,,,,,,20190624411.0
2831941,삼미흑돼지 중문점,63534.0,,,제주특별자치도 서귀포시 색달중앙로 33 ,33.2585497158,126.4134575743,서귀포 중문 관광단지 근처에 있는 삼미흑돼지는 숯불로 구워 먹는 제주 근고기 집이다. 600g 근고기 한 세트는 오겹살과 목살을 섞어 제공한다. 멜젓(제주식 멸치젓갈)에 생새우와 마늘  고추를 넣어 끓여서 찍어 먹는 소스가 독특하다. 사이드 메뉴 중 전복내장 볶음밥인 게우볶음밥도 별미다. 근고기는 흑돼지와 백돼지 중 선택할 수 있으며 가브리살  흑돼지 김치찌개도 많이 찾는다. '정직'을 모토로 모든 식재료 국내산  제주 최상급 흑돼지 사용에 자부심을 가지고 있다. 주변 여행지로 대평리  중문색달해수욕장  베릿내오름 등이 있다.,064-739-9392,,,가능,0.0,,10:30~23:55,연중무휴,육즙흑돼지,육즙흑돼지 / 육즙백돼지 / 김치찌개 / 된장찌개 등,,,,,,,20160631510.0
2831961,천짓골식당,63592.0,,,제주특별자치도 서귀포시 중앙로41번길 4 천짓골식당 ,33.2482698538,126.5613172072,천짓골식당은 제주 서귀포 아랑조을맛거리에 있다. 돔베고기의 돔베는 제주말로 '도마'인데  예전 어머니들이 쓰던 나무 도마에 갓 삶은 돼지고기 수육이 통으로 나오고  어멍(어머니의 제주 사투리)이 직접 부엌칼을 들고 와 상 위에서 썰어준다. 돔베고기 단일 메뉴만 판매하며  흑돼지와 백돼지 중 선택할 수 있다. 몸국은 기본 제공이지만  손님의 기호와 메밀 알레르기 여부에 따라 요청하는 손님에게 서비스한다. 제주 로컬 음식 '돔베고기'를 제대로 체험할 수 있는 식당이다. 주변 관광지로 서귀포올레야시장  제주 칠십리시 공원이 있다.,064-763-0399,,,없음,0.0,,17:10~21: 30,매주 일요일,돔베고기 흑돼지 오겹,돔베고기 흑돼지 오겹 / 돔베고기 백돼지 오겹 외,,,,,,,19990631344.0
2833201,부뚜막식당 제주성산,63641.0,,,제주특별자치도 서귀포시 고성오조로 11 어머니닭집 ,33.4451287653,126.9135544343,부뚜막식당은 성산일출봉 근처 고성리에 있는 작은 노포이다. 대표메뉴 갈치조림을 주문하면 통갈치구이가 기본 서비스로 나온다. 가성비 좋은 가격과 어머니 손맛으로 여행자들 사이에 이름이 알려져 있다. 멸치조림  콩자반  나물류 등 7~8가지 밑반찬을 곁들인 가정식이 나오고  아침 일찍 오픈하여 여행자들이 아침 먹기 좋다. 다만 아침 방문 시에는 영업여부를 미리 전화확인하는 것이 좋다. 또한  2  3  4인분 인원수에 맞추어 주문할 수 있는 점도 장점이다. 자차를 이용할 경우  내비게이션에 ‘제주 부뚜막식당’을 검색하면 된다. 근처에 성산일출봉  우도  섭지코지 등이 있다.,064-782-8941,,,있음 / 소형 약 10대,0.0,,08:00~20:00,"매달 2, 4번째 수요일",갈치조림,성게미역국 / 옥돔구이 / 전복물회 외,,,,,,,20150631567.0
2833244,솔동산고기국수,63596.0,,,제주특별자치도 서귀포시 부두로 23 유림갈비 ,33.2429705005,126.5652336535,솔동산고기국수는 제주 서귀포 이중섭거리 아래쪽에 있는 솔동산 문화의 거리에 있다. 반반국수  고기국수  고기 국밥  비빔국수  해물 국수  흑돼지 만두  수육 등을 맛볼 수 있는 국수 전문점이다. 대표메뉴는 고기국수로 강하지 않고 깔끔한 맛의 사골 육수에 두툼한 수육을 올려 나온다. 주변에 관광호텔  가족호텔이 많아 아침을 먹으러 오는 손님이 많다. 근처 여행지로 솔동산 8 경과 자구리공원 담수욕장이 있다.,064-733-5353,,,"있음 / 지상 - 소형 5대, 지하 - 소형 5대",0.0,,09:00~20:00 (라스트오더 19:40),매주 화요일,반반국수,해물국수 / 고기국수 / 비빔국수 / 고기국밥 / 흑돼지만두 외,,,,,,,19990631237.0
2833269,유동커피,63596.0,,,제주특별자치도 서귀포시 태평로 406-1 ,33.2445703014,126.5638031862,로스터리 카페 유동커피는 서귀포 올레 시장 근처에 있다. 서귀포 본점을 비롯하여 전국에 체인점이 있으며 남다른 커피 맛으로 로스팅 원두를 배송 판매하고 있다. 특히 에스프레소 머신 커피는 A  B  C  S 타입의 블랜딩 원두 중 하나를 택할 수 있고 매장에서 직접 원두를 구매할 수도 있다. 모든 커피 메뉴에서 원두 맛의 차이를 느낄 수 있고  원두에 대한 전문성을 갖추고 있어 커피 애호가들에게 정보를 제공하기도 한다.,064-733-6662,,,없음,0.0,,8:00~22:00,연중무휴,송산동커피,송산동커피 / 카페모카초코 / 아메리카노 / 콜드브루 외,,,,,,,20130631376.0
2836502,제주해조네 보말성게전문점,63533.0,,,제주특별자치도 서귀포시 대평감산로 12 ,33.2358042713,126.3668593459,"제주해조네보말성게전문점은 서귀포 대평리에 있다. 메뉴는 자연산 성게음식  보말음식  생선구이류가 있으며 아침식사를 할 수 있는 도민 맛집이다. 이 동네에서 처음으로 보말음식을 시작했다고 하는 17년 경력의 어멍(어머니)이 주방을 책임지고 있다. 재료소진 시 조기 마감된다. 반려견을 동반할 경우 테라스 공간의 테이블을 이용할 수 있고  근처 여행지로 박수기정  논짓물  중문색달해변 등이 있다. 
※ 반려동물 동반 가능(테라스 공간 이용 / 목줄  배변봉투 지참)",064-738-7908,,,불가,0.0,,08:00~15:00 (라스트오더 14:40)<br>※ 재료 소진 시 조기 마감,매주 수요일,제주보말칼국수,제주보말칼국수 / 제주성게칼국수 / 제주보말죽 / 제주성게비빔밥 외,,,,가능,,,20160631242.0
2836808,지은이네밥상,63640.0,,,제주특별자치도 서귀포시 고성동서로45번길 15-7 ,33.4519863181,126.9121543974,지은이네 밥상은 성산읍 성산일출봉 근처에 있다. 아침밥을 먹을 수 있는 가성비 좋은 밥집으로 잘 알려져 있으며 반찬도 푸짐하다. 메뉴는 찌개류와 찜류인데 찌개를 주문하면 작은 사이즈의 찜요리가 서비스로 나온다. 김치찜  갈비찜은 2인 이상 주문해야 하지만 찌개류는 1인 메뉴를 주문할 수 있어 나 홀로 여행자들에게도 인기이다. 주변 여행지로 성산일출봉  섭지코지 등이 있다.,064-784-2915,,,없음,0.0,,- 평일 07:00~20:30 (브레이크타임 15:00~17:00)<br>- 토요일 07:00~15:00,일요일,비빔밥,청국장 / 보말미역국 / 김치찜 / 갈비찜,,,,,,,20190624470.0
2836891,바람벽에흰당나귀,63347.0,,,제주특별자치도 제주시 동복로 11 ,33.5538828606,126.7076142444,바람벽에흰당나귀 카페는 제주 구좌읍 동복리 회국수 맛집 해녀촌 옆에 있다. 창고처럼 보이는 빈티지한 건물로 들어가면 천장과 벽의 창문을 통해 자연광이 들어온다. 내부 인테리어를 나무로 꾸며 따뜻한 분위기이고 창문 밖으로는 동복리 바다가 보인다. 회국수로 유명한 해녀촌과 이웃해 있으며 건물 안과 밖으로 포토존이 많다. 근처 여행지로 김녕해수욕장  만장굴 등이 있다.,064-782-8611,,,가능(소형 20대)<br>요금(무료),0.0,,10:00~19:00 (라스트오더 18:30),연중무휴,당나귀라떼,당나귀라떼 /  말차빙수 / 바닐라썸머라떼 / 아인슈페너 외,,,,가능,,"화장실:있음(남/녀 구분)
",20140628132.0
2836994,정가네밥상 제주스마트팜,63239.0,,,제주특별자치도 제주시 아란서길 110 ,33.4689895776,126.5402807174,제주정가네밥상은 아라일동 제주대학교병원 근처에 있다. 제주도에서 보리굴비 한정식을 하는 곳으로 식당 옆 스마트팜에서 재배한 야채를 무한 제공하며  식당에서 직접 도정한 쌀을 사용해 솥밥을 짓는다. 입구에 손 씻는 곳  쌈 채소 셀프바  넓은 주차장과 전기차 충전소 등 편리한 시설을 갖추고 있다. 산지에서 직송한 굴비  흑돼지  코다리 등 제철 음식을 아낌없이 제공하는 제주도 지역 맛집으로 식당이 넓고 깔끔하여 제주도민들의 회식  돌잔치  피로연 등의 장소로도 이용되고 있다. 근처에 제주별빛누리공원  방선문계곡  제주마방목지 등이 있다.,064-723-7500,,,가능(약 70대),0.0,,11:00~21:00 (라스트오더 20:20),연중무휴,보리굴비 밥상,보리굴비 밥상 / 흑돼지 불고기 밥상 / 철판 주꾸미볶음 밥상 / 코다리찜 밥상 외,,,가능,가능,가능(전화 문의),"장애인 편의시설:있음(장애인 주차구역)
화장실:있음(남/녀 구분)
",20160628313.0
2837210,다금바리스타,63008.0,,,제주특별자치도 제주시 노을해안로 1166 ,33.3088097147,126.1652196829,다금바리스타는 제주도의 서쪽 끝이라고 할 수 있는 제주특별자치도 제주시 한경면 고산리에 있다. 커피를 비롯해 직접 구운 디저트류를 판매하는 곳인데 테이블이 많지 않은 아담하고 조용한 카페다. 입구 앞으로 야외 테이블이 준비돼 있지만 음료를 포장해 포구로 나가는 여행자들이 많다. 그만큼 차귀도 경치와 일몰이 아름답다. 2014년에 오픈한 카페로 커피맛이 좋기로 소문났고  대표메뉴인 치즈케이크는 금  토  일요일에만 맛볼 수 있다. 칵테일도 준비돼 있다. 근처 여행지로 당산봉  수월봉  엉알해안 탐방로가 있으며 자구내포구에서는 차귀도 배낚시가 출발한다. 해 질 녘에는 아름다운 차귀도 일몰을 볼 수 있다. 영업일과 영업시간이 유동적이라 전화 확인이 필요하다.,010-4768-1999,,,없음,0.0,,10:00~20:00,"매주 월요일, 화요일",버터스콘,버터스콘 / 초코호두쿠기 / 플랫화이트 / 레몬진저차 외,,,,,,,20140628186.0
2839742,성산흑돼지두루치기,63643.0,,,제주특별자치도 서귀포시 한도로 255 ,33.4662128917,126.9348243278,성산 흑돼지 두루치기는 제주 성산에 위치한 흑돼지 두루치기 전문 로컬 맛집이다. 이곳은 100% 제주산 흑돼지만을 엄선해 사용하여  일반 돼지보다 마블링 상태가 좋아 부드럽고 고소한 풍미를 즐길 수 있다. 대표메뉴인 두루치기는 특수 레시피가 담긴 소스를 사용하고  육수는 100% 제주 흑돼지의 사골을 가마솥에 푹 고아 우려내어 사용한다. 두루치기 외에도 몸에 좋은 모자반을 넣어 만든 몸죽과 몸국도 판매하고 있다.,064-782-9295,,,가능(소형 약 4대),0.0,,11:00~21:00<br>브레이크타임 15:30~17:00,매달 셋째주 화요일,흑돼지삼합두루치기,흑돼지삼합두루치기 / 몸국 / 몸죽 외,,,,,,,20210624719.0
2839759,니모메,63068.0,,,제주특별자치도 제주시 일주서로 7335-8 ,33.4937545425,126.4309535489,제주의 카페 니모메는 공항 근처에 위치해 있어 바다를 바라보며 여유로운 시간을 보낼 수 있는 장소이다. 빈티지한 소품들로 아늑하게 꾸며진 인테리어가 특징이며  커피와 함께 제공되는 다양한 디저트가 일품이다. 실내뿐만 아니라 마당에서도 커피를 즐길 수 있어 날씨 좋은 날에는 야외에서 편안하게 시간을 보낼 수 있다. 제주 여행 중 여유로운 한때를 보내기에 적합한 카페로  바다와 빈티지 분위기를 동시에 즐길 수 있는 공간이다.,064-742-3008,,,가능,0.0,,10:00~20:00 (마지막 주문 19:30),연중무휴,니모메 티라미수,생딸기 티라미수 / 클래식토스트 / 레몬에이드 등,,,,,,":
",20170627024.0
2839938,한라향,63219.0,,,제주특별자치도 제주시 도남로 104 백록아파트 ,33.4911897022,126.5279562849,제주어 각재기는 ‘전갱이’를 뜻한다. 한라향은 배추를 넣어 시원한 국물에 각재기 한 마리가 들어간 각재기국을 판매하는 한식당이다. 이외에도 멜국과 멜조림  고등어 구이 등 제주 로컬 음식 메뉴가 있다.,064-722-1003,,,없음,0.0,,월요일~토요일 08:00~20:30<br>일요일 08:00~15:00,매달 셋째주 토요일,각재기국,각재기국 / 멜국 / 멜조림 / 고등어구이 외,,,,,,,20130628434.0
2840487,섭섭이네,63355.0,,,제주특별자치도 제주시 중산간동로 2261 ,33.4715876451,126.7843928004,섭섭이네는 제주 송당사거리에 위치한 정갈한 고기국수와 맛깔난 퓨전카레가 일품인 맛집이다. 아들이 만든 음식 커리와 어멍이 만든 음식 고기국수 등을 제주 로컬음식과 함께 판매하고 있다. 제주 돌집을 그대로 식당으로 사용하며 밖거리(제주 전통가옥의 바깥채) 대기공간에는 셀프 음료대와 무인 판매 음료수가 있다.,0507-1315-6813,,,불가,0.0,,11:00~16:30<br>라스트오더 16:00,매주 일요일,흑돼지퐁당커리 / 고기국수,흑돼지퐁당커리 / 고기국수 / 판모밀&흑돼지 한입카츠 정식 / 흑돼지 호끌락 돔베고기 외,,,가능,,가능(단체 및 소모임 / 네이버 예약),,20180621977.0
2840505,순아커피,63168.0,,,제주특별자치도 제주시 관덕로 32-1 ,33.5131038591,126.5227367964,순아커피는 제주목관아 관덕정 앞에 있다. 옛 일본식 건물을 허물지 않고 그대로 사용하고 있으며 이 건물의 소유자였던 제주할망의 이야기가 있는 카페이다. 할머니는 일본에 취업하여 재산을 쌓았지만  고향인 제주를 그리워하여 제주에 방문할 때 자신이 머물기 위해 매입하였던 건물이다. 현재는 할망의 이름 ‘순아’를 그대로 써서 순아커피 상호가 되었다. 장소 자체가 제주 원도심 여행의 주요 장소이며 근처 여행지로 관덕정  동문시장 등이 있다.,010-3692-5342,,,없음,0.0,,09:00~17:00,"매주 일요일, 월요일",필터커피,제주 홍차 / 제주 청차 / 호지 밀크티 / 디저트 외,,,,,,,20170628025.0
2840599,안빵,63105.0,,,제주특별자치도 제주시 광평길 26 1층,33.481464835,126.4686783247,안빵은 제주 공항 근처 노형동에 있는 베이커리 카페이다. 다양한 빵과 케이크가 준비되어 있으며 시그니처 메뉴는 악어 소금빵으로  특이한 모양과 맛이 여행객들 사이에 입소문이 나 있다. 악어 소금빵에 추가 비용을 지불하면 앙버터로 제공하는 ‘악버터’도 있으며  그 외 와인에 달콤하게 졸인 무화과를 가득넣어 고소한 견과류와 함께 만든 와인무화과캄파뉴  맛잇는 크로아상에 갈릭 크림 버터와 크림치즈 그리고 그 위에 갈릭 후레이크를 넣어 풍부한 향과 맛을 느낄 수 있는 갈릭크로와상 등이 있다.,064-746-0453,,,가능(소형 약 30대),0.0,,10:00~18:30,매주 일요일,악어소금빵,악어소금빵 / 얼그레이 밀크티 / 와인무화과캄파뉴 / 갈릭크로와상 외,,,가능,가능,,"화장실:있음(남/녀 구분)
",20210621434.0
2840638,오짜장,63070.0,,,제주특별자치도 제주시 조공포길 36 ,33.4890245608,126.4341228251,오짜장은 제주공항 근처 외도동에 있다. 정통 중화요리 집으로 배달하지 않아도 많은 손님이 찾는 지역 맛집이다. 여행자 사이에도 입소문이 나 있다. 널찍한 실내에 테이블 수도 많고 안쪽엔 신발을 벗고 들어가 앉을 수 있는 룸도 있다. 대표메뉴는 신선한 재료를 사용한 짬뽕이며 이 외에도 다양한 중화요리가 준비되어 있다. 근처 여행지로 내도 알작지 해변  이호테우 해변 등이 있다.,064-713-9898,,,없음,0.0,,11:00~21:00 (라스트오더 20:30),"매주 일요일, 월요일",짬뽕,짜장 / 하얀 짬뽕 / 새우볶음밥 / 굴짬뽕 / 탕수육 외,,,,,,,20080627772.0
2840668,자연몸국,63192.0,,,제주특별자치도 제주시 중앙로 63-11 ,33.5117679337,126.5250699577,자연몸국은 제주 동문재래시장 골목에 있다. 돈사골 육수에 모자반을 넣어 끓이는 몸국이 대표메뉴이며 돈사골을 진하게 고아 끓이는 접작뼈국도 인기 메뉴다. 그 외 옥돔구이  아강발  해물파전 등을 맛볼 수 있다. 2017년  2020년 제주 고메위크 맛집 인증을 받은 바 있으며 숨은 맛집으로 방송에 소개된 바 있다. 근처 여행지로 동문재래시장  동문공설시장  제주 원도심 등이 있다.,064-725-0803,,,없음,0.0,,10:30~20:00,연중무휴,자연몸국,접작뼈국 / 고등어구이 / 옥돔구이 / 아강발 / 해물파전,,,,,,,20120627074.0
2840903,양가네,63523.0,,,제주특별자치도 서귀포시 동광로 112 ,33.3062571628,126.3389629754,양가네는 동광리 농촌체험마을 인근에 있는 쇠고기 국밥 전문점이다. 제주식 해장국 전문점으로 커다란 가마솥을 걸고 주로 쇠고기국밥을 판매한다. 가마솥에 한우사골을 오랜 시간 끓여 낸 육수와 신선한 재료로 만든 정성이 들어간 쇠고기 해장국이 대표메뉴이다. 새벽 6시 30분에 오픈하여 아침 식사를 하기에 좋으며  여름에는 국밥 외에도 냉면도 같이 판매한다. 식당 뒤뜰에는 정성스럽게 가꾼 작은 꽃밭이 있어 식사 후에 가볍게 둘러보기 좋다.,064-792-6200,,,가능,0.0,,06:30~20:00<br>라스트오더 19:30,연중무휴,쇠고기 해장국,쇠고기 해장국 /설렁탕 / 돼지고기수육 / 돼지고기 왕만두 외,,,가능,,가능(전화 문의),"화장실:있음(남/녀 구분)
",20220903004.0
2841345,착한튀김,63289.0,,,제주특별자치도 제주시 진남로6길 20 ,33.5204953959,126.5658634352,착한튀김은 제주시 화북 남문 주민센터 앞에 있다. 채널A의 먹거리 관련 프로그램에서 ‘착한 가게’로 선정되었던 분식집으로 통새우 튀김  오징어튀김 등 튀김류를 주메뉴로 하며 떡볶이  김밥 등을 판매한다. 이곳의 튀김은 얇은 튀김옷을 입혀 재료의 모습을 그대로 살려 튀겨내는 것이 특징이며 백년초로 담근 피클을 튀김과 함께 제공한다. 근처 여행지로 삼양 검은 모래 해수욕장  원당봉 등이 있다.,064-723-3392,,,없음,0.0,,10:00~19:00,일요일,튀김,김밥 / 국물떡볶이 외,,,,,,,20060627704.0
2843749,글라글라하와이,63506.0,,,제주특별자치도 서귀포시 하모항구로 70 ,33.2196098046,126.2513363972,글라글라하와이는 제주 서귀포 모슬포항에 있다. 제주에서 잡은 신선한 해산물과 제주산 감자를 이용해 하와이 음식을 선보이는 이색 음식점이다. 인테리어는 태평양의 트로피컬 한 이미지로 꾸며져 있고  외관도 이국적이어서 매장 안팎에서 사진 찍는 여행자가 많다. 음식과 함께 즐길 수 있는 제주 수제 생맥주를 판매하며  구좌 당근케이크 같은 디저트류까지 다양한 메뉴가 준비되어 있다. TV 맛집 전문 프로그램에 소개된 바 있다. 모든 메뉴는 포장 판매도 한다. 근처 여행지로 알뜨르비행장  송악산 등이 있다.,064-792-2737,,,모슬포항주차장 이용,0.0,,11:30~23:00 (브레이크타임 15:00~17:00 / 라스트오더 22:30),유동적 (인스타그램 공지),하와이안 갈릭 쉬림프와 볶음밥,하와이안 해물찜 / 은갈치&칩스 / 달고기&칩스 / 하와이안 포케보울 / 한치버거&칩스 외,,,,가능,,"화장실:있음
",20160631553.0
2843921,스모크하우스인구억,63518.0,,,제주특별자치도 서귀포시 보성구억로 223 ,33.270818461,126.2783968021,스모크하우스인구억은 서귀포 대정읍 구억리삼거리에 있다. 건물 외부 그라피티가 인상적이다. 옛날 마늘창고를 리모델링한 미국음식점이자 펍으로 미국식 수제버거와 샌드위치  폴드포크를 이용한 음식을 판매한다. 곁들이는 생맥주로는 맥파이 생맥주를 제공한다. 햄버거와 샌드위치의 속 재료로 쓰이는 햄  파스트라미  패티 등을 직접 만들고  재료소진 시 영업을 조기 마감한다. 반려동물과 함께 입장할 수 있다. 오설록티뮤지엄  신화월드와 가깝고  제주곶자왈도립공원과 함께 둘러봐도 좋다.,070-7776-8217,,,있음 / 소형 약 5대,0.0,,11:30~21:00 (브레이크타임 15:00~17:00),월요일,더블쿼터파운드버거,풀드포크샌드위치 / 파스트라미 샌드위치 / 필리치즈스테이크샌드위치 / 칠리 프라이 / 맥앤치즈 외,,,,,,,20170631857.0
2843943,와토커피,63508.0,,,제주특별자치도 서귀포시 동일하모로 238 ,33.2254897918,126.2565469257,와토커피는 제주 모슬포항 대정초등학교 인근에 위치해 있다. 커피를 직접 볶아 블랜딩하는 로스터리 카페로  블랜드 브라운  에티오피아 아바야  인도네시아 디카페인 중 하나를 선택할 수 있다. 시그니처 커피 중 와토 알프스는 아이스크림이 들어간 비엔나커피로 와토커피의 대표메뉴이고  원두 홀빈과 더치 원액도 구매할 수 있다. 주차장이 따로 없어 자동차로 방문할 경우 주차에 불편함이 있으며  반려동물 동반 입장이 가능하다.,0507-1407-1452,,,없음,0.0,,08:00~18:30<br>라스트오더 18:15 <br>※ 변동 가능성 있으므로 홈페이지 참조,매주 일요일<br>※ 변동 가능성 있으므로 홈페이지 참조,와토알프스,와토알프스 / 우드라떼 / 플랫오름 / 더치크림라떼 외,,,가능,가능,,"화장실:있음
",20160631239.0
2844078,함쉐프키친,63544.0,,,제주특별자치도 서귀포시 대포중앙로 116 ,33.2408880562,126.4312147617,"함쉐프키친은 서귀포 대포 주상절리 인근에 위치한 제주 짬뽕 맛집이다. 최상급의 재료만을 사용하고 재료를 아까지 않는다. 든든하게 먹을 수 있을 정도로 푸짐한 양이다. 또한  최고의 한 끼를 만들기 위해 플레이팅에도 신경을 쓰고 있으며  물결 모양의 접시부터 조개를 연상시키는 식기에 음식을 정성스럽게 담아 제공한다. 
이곳의 대표메뉴는 중문 신라호텔 15년 경력 셰프가 직접 개발한 레시피로 만든 짬뽕과 제주 흑돼지 돈까스이다. 인생짬뽕은 진하게 올라오는 불맛으로 식욕을 돋우는 국물이 일품이며  흑돼지 돈까스는 15년 경력의 양식셰프의 내공 있는 맛을 선사한다. 이외에도 바다를 가득 담은 듯한 바다볶음밥과 꾸덕한 로제스파게티 등의 메뉴도 준비되어 있어 다양하게 즐길 수 있다.",064-739-1142,,,가능<br>요금(무료),0.0,,11:00~21:00<br>브레이크타임15:00~17:00<br>라스트오더20:00<br>※ 재료 소진 시 마감,매주 일요일,소고기 차돌박이 인생짬뽕,소고기 차돌박이 짬뽕 / 소고기 왕갈비 인생짬뽕 / 수제청귤에이드 / 바다볶음밥 / 눈꽃치즈 제주 흑돼지 돈까스 외,,,가능,,가능(전화 문의),,20170631052.0
2845281,덴드리,63635.0,,,제주특별자치도 서귀포시 삼달로 28-1 ,33.3694419084,126.8659214086,"덴드리는 제주도 서귀포 성산읍 삼달리에 위치한 감귤밭 카페이다. 그리스 산토리니 스타일로 지어진 흰색 건물에 감귤밭이 보이는 곳으로 창을 냈다. 겨울에는 온통 귤빛으로 물든 아름다운 경치를 감상할 수 있으며 카페 내부도 자연 친화적인 조명과 식물로 인테리어를 마쳤다. 넓은 통창을 통해 날씨에 상관없이 사계절을 즐길 수 있다. 
견고하고 묵직한 원두의 깊은 맛과 직접 기른 청귤의 은은한 산미와 단 맛이 기분 좋은 덴드리 청귤라떼와 프랑스산 고메버터 풍미 깊은 퍼프 속 수제 바닐라빈 크림이 들어간 달콤한 덴드리 쿠키슈  덴드리에서 직접 키운 귤로 만드는 신선하고 건강한 수제청 청귤 에이드가 이곳의 시그니처 메뉴이다. 이 외에도 깔끔한 콜드브루 베이스에 시원한 연유크림이 올라간 아이스커피인 프레도카푸치노  겹겹이 쌓은 필로에 고메버터를 바르고  견과류와 수제 크림치즈를 더한 고소한 수제 페스츄리인 바클라바 등 다양한 디저트와 음료가 준비되어 있다.",0507-1486-1178,,,가능(카페 앞 펜션 주차장 이용),0.0,,10:00~18:30<br>라스트오더 17:30,매주 목요일,덴드리 청귤라떼 / 덴드리 슈,덴드리 청귤라떼 / 덴드리 슈 / 덴드리 청귤에이드 / 프레도카푸치노 / 크림브륄레 외,,,가능,,,"화장실:있음(남/녀 구분)
",20190624943.0
2845308,불특정식당,63635.0,,,제주특별자치도 서귀포시 삼달로 239 ,33.3753603566,126.8446453372,불특정식당은 제주특별자치도 서귀포시 성산읍 삼달리  보건진료소 근처에 있다. 예약제 코스 요리로 운영되는 고급 레스토랑으로 와인바 같은 느낌이다. 런치는 2타임  디너는 한 타임만 진행하는데 런치는 다섯 가지 요리와 디저트가 나오고 디너는 팀당 와인 한 병 이상 주문이 필수이다. 와인을 주문하면 수란  샐러드  스테이크 등 와인에 맞는 안주와 요리를 제공한다. 메뉴는 준비된 식재료에 따라 매일 바뀌며 손님들은 주로 바에 앉아 음식 설명을 들으며 식사를 한다. 특별한 기념일이나 데이트 코스로 좋고 혼자 방문해도 좋다. 근처 여행지로 표선해수욕장  두모악 김영갑 갤러리 등이 있다.,010-4269-0886,,,있음 / 소형 약 3대,0.0,,12:00~22:00 (브레이크타임 15:00~17:50 / 라스트오더 21:00),연중무휴,맡김차림,런치코스 / 소고기스테이크 / 돼지안심스테이크 / 사시미 외,,,,,예약 필수,"화장실:남녀 구분
",20190624274.0
2845335,성산카페 쉬어갓,63634.0,,,제주특별자치도 서귀포시 일주동로 5023 ,33.3861208867,126.8822834985,성산카페 쉬어갓은 제주도 동쪽 성산읍에 위치한 디저트 카페이다. 현지에서 직접 배워 온 튀르키예 디저트인 카이막이 시그니처 메뉴이다. 꾸덕한 식감과 고소한 우유 후레쉬함이 느껴진다. 제주에서 나는 식재료로 만드는 특색 있는 음료도 있으며  이외에도 다양한 디저트와 마실거리가 준비되어 있다. 탁 트인 푸른 제주 바다와 넓은 잔디 마당에서 즐기는 피크닉 세트도 준비되어 있으니 제주 여행 중 휴식을 취하고 싶을 때 방문하기에 좋다.,064-784-2492,,,가능(약 10대)<br>요금(무료),0.0,,11:00~18:00,매주 목요일,카이막,카이막 / 카트메르 / 카이메기 / 제주 당근주스 / 유기농 제주말차라뗴 / 제주 스무디 외,,,가능,,,"화장실:있음(남/녀 구분)
",20190624555.0
2845353,오른,63639.0,,,제주특별자치도 서귀포시 해맞이해안로 2714 ,33.4718314066,126.915767516,오른은 오조리 방파제  성산고등학교 근처 해안도로에 있다. 노출콘크리트와 통창 유리  낮은 수조로 시선을 사로잡는 외관과 모던하고 심플한 인테리어  창밖으로 보이는 바다와 우도 풍경으로 인기 있는 대형카페이다. 어린이를 위한 곰돌이 우유  오른 라테와 같은 시그니처 음료가 있으며 시즌 메뉴와 브런치  베이커리류가 있다. 주변 여행지로 우도 가는 성산포항  성산일출봉  하도 해수욕장 등이 있다. 리드줄을 착용한 반려동물은 동반이 가능하며  반려동물을 위한 웰컴쿠기가 제공된다.,064-783-1559,,,있음 / 소형 약 20대,0.0,,10:30~19:00 (라스트오더 18:30),연중무휴,오른라테,비건라테 / 자두에이드 / 한라봉 주스 / 브런치 / 베이커리 외,,,,,,,20210624180.0
2845383,한라산아래첫마을영농조합법인,63524.0,,,제주특별자치도 서귀포시 산록남로 675 ,33.3279942898,126.3796367363,한라산아래첫마을은 안덕면 광평리 영농조합법인이 운영하는 메밀 전문식당이다. 제주에서 2모작을 하는 메밀을 주원료로 들기름 국수인 비비작작면  물냉면  비빔냉면  제주 향토음식인 조베기 등을 판매한다. 주변에 골프장이 많아 입소문이 나기 시작했으며 표선 제주민속촌에 분점이 있다. 식당과 함께 마을 카페도 운영하고 있다. 메밀가공 제품도 판매하며 5월과 10월에는 축제도 열린다. 홈페이지에서 메밀가루  메밀티백차 등 제품을 구매할 수 있다. 근처 여행지로 방주교회  본태박물관 등이 있다.,064-792-8259,,,가능(약 30대),0.0,,하절기(2월~10월) 10:30~19:00(브레이크타임15:00~16:00 / 라스트오더 18:30)<br>동절기(11월~3월) 10:30~18:00(브레이크타임15:00~16:00 / 라스트오더 17:55)<br>※ 대기 인원에 따라 조기 마감 가능,매주 월요일,제주메밀 비비작작면,제주메밀 비비작작면 / 제주메밀 물(비빔)냉면 / 한우맑은 곰탕 / 제주메밀 조베기 / 제주메밀 전 외,,,가능,,,"화장실:있음(남/녀 구분)
",20190624803.0
2847672,장인의집,63043.0,,,제주특별자치도 제주시 애월로19길 31 ,33.4657726604,126.3268465691,"장인의 집은 제주도 애월방파제 인근에 위치한 수제 만두 전문점이다. 할머니의 전통을 이어받은 가족들이 운영하는 곳으로  모든 음식은 제주의 재료를 이용하여 수제로 만든다. 장인의 집 전통 손만두는 HACCP 안전관리인증을 받았으며  만두는 위탁하지 않고 직접 피와 속을 만들어 만두를 제조한다. 
이곳의 대표메뉴는 365일 가마솥으로 고운 사골육수와 제주 특산물로 만든 4색 만두(문어  전복  돼지  김치)가 어우러진 가마솥 4색 만두전골이다. 전골은 2인분부터 주문이 가능하며  1인당 탐나 4색 만두 4개와 면사리가 제공된다. 또한  전골 국물의 맛을 순한 맛과 얼큰한 맛 중에 고를 수 있고  선택이 어렵다면 순한 맛을 시켜 다진 양념을 추가해먹을 수 있다. 이외에도 연한 소갈비와 해산물  버섯이 어우러진 소갈비 해물버섯 만두전골과 갈비탕도 인기가 많다.",064-799-1610,,,가능<br>요금(무료),0.0,,09:00~22:00<br>라스트 오더 21:00,연중무휴,가마솥 4색 만두전골,가마솥 4색 만두전골 / 소갈비 해물버섯 만두전골 / 해물 버섯 만두전골 / 장인의 갈비탕 외,,,가능,가능,가능(네이버 예약),"화장실:있음(남/녀 구분)
",20180621080.0
2847753,제주그림카페,63521.0,,,제주특별자치도 서귀포시 녹차분재로 218 제주항공우주박물관 4층,33.3031485262,126.2978138414,제주그림카페는 제주도 서귀포시 안덕면 제주항공우주박물관에 위치한 이색 카페이다. 인테리어를 몰입형 미술 콘텐츠(Immersive Drawing Art)로 꾸며서 사진을 찍으면 마치 만화 속에 들어가 있는 것처럼 보인다. 대표 메뉴는 고소한 땅콩 생크림과 커피가 조화를 이룬 너티웨이브이다. 이외에도 브런치 메뉴와 각종 음료가 다양하게 있다. 제주항공우주박물관 입장권 구매 없이 카페만 이용할 수 있다.,064-794-9224,,,가능,0.0,,09:00~18:30<br>라스트오더 18:00,연중무휴,너티웨이브,너티웨이브 / 흑임자크림라떼 / 생과일주스 / 핫도그&너겟 / 크로플 외,,,가능,가능,,"화장실:있음(남/녀 구분)
",20200624491.0
2847791,사계의시간,63528.0,,,제주특별자치도 서귀포시 사계남로 214 ,33.2322454224,126.3089977789,사계의시간은 제주 사계항 인근에 위치한 장어덮밥 전문점이다. 하루 50인분만 판매하는 장어덮밥 맛집으로  재료 소진 시에는 영업을 마친다. 메뉴는 장어덮밥과 장어구이  이 두 가지만 판매한다. 흰밥 위에 카라멜 라이징된 양파  그 위에 장어구이가 도시락에 담겨 나오는 심플한 단일 메뉴로 여행자에게 인기가 많다.,010-4758-2480,,,가능(식당 뒷편 / 용해경로당 주차장),0.0,,09:00~14:00<br>※ 재료 소진 시 마감,매주 월요일,장어덮밥,장어덮밥 / 장어구이 외,,,가능,,,,20170632009.0
2847812,그라나다,63108.0,,,제주특별자치도 제주시 도공로 86-1 ,33.4994960994,126.4640755386,그라나다 카페는 제주공항 활주로 옆에 있다. 비행기가 뜨고 내리는 모습을 가장 가까이에서 볼 수 있는 카페다. 옥상에 올라가면 하늘을 나는 비행기를 배경으로 사진을 찍을 수 있다. 2층 창을 통해서는 제주공항 활주로가 훤히 내려다 보이며  바닷가 카페이지만 바다는 보이지 않고  한라산을 향해 창이 나 있다. 근처 여행지로 도두봉  무지개해안도로가 있으며 공항 가기 전 들르기 좋은 카페이다.,010-8900-2877,,,있음,0.0,,- 목~화요일 09:00~21:00 <br>- 수요일 09:00~18:00,연중무휴,아메리카노,카페라테 / 연유라테 / 딸기라테 / 생과일주스 / 팥빙수 외,,,,,,"화장실:남녀 구분
",20200620271.0
2850014,선흘방주할머니식당,63341.0,,,제주특별자치도 제주시 선교로 212 ,33.4846070775,126.7003970128,선흘방주할머니식당은 제주라프 근처에 있다. 아들이 농사지은 콩으로 할머니가 청정 용암해수(바닷물)를 응고제로 사용하여 매일 만드는 해수두부를 사용한 두부전골과 곰취를 만두피로 쓰는 삼채곰취만두  고사리비빔밥  검정콩국수 등 건강 식단을 선보인다. 도민 맛집이었다가 이효리 맛집으로 소문이 나면서 많은 여행자가 찾고 있다. 근처 여행지로 거문오름  제주라프  선녀와 나무꾼 테마공원 등이 있다.,064-783-1253,,,있음,0.0,,계절별 영업시간 상이하므로 네이버 플레이스 확인 요망,일요일 (명절 연휴 휴무),두부전골,삼채곰취만두 / 검정콩국수 / 도메칼국수 / 두부 한 접시 / 흑돼지보쌈 외,,,,,,,20060627566.0
2850913,가는곶 세화,63361.0,,,제주특별자치도 제주시 세화14길 3 ,33.5205279098,126.860696168,가는곶 세화는 제주특별자치도 제주시 구좌읍 세화리에 있다. ‘옆집으로 이사 가고 싶은 세화빵집’을 모토로 무화과  단호박  레몬 등 제주 농부가 지은 식재료를 이용해 소화에 부담 없는 빵을 만든다. 살짝 말린 토마토와 치즈를 넣은 에멘탈썬드라이토마토와 구운제주감자빵이 시그니처이며  주말에는 ‘위스키  세화’로 밤까지 운영한다. 근처 여행지로 세화해수욕장  평대해변  비자림 등이 있다.,064-782-9006,,,없음,0.0,,- 평일 09:30~ 19:00<br>- 주말 09:30~22:00,연중무휴,아메리카노,푸른콩라테 / 백향과차 / 풋귤에이드 / 베이커리 외,,,,,,,20200621076.0
2851090,볼스카페,63540.0,,,제주특별자치도 서귀포시 일주서로 626 ,33.2534285165,126.4424940592,볼스카페는 중문고등학교 근처에 있다. 제주의 오래된 귤 창고를 개조하여 꾸민 카페로 빈티지한 외관과 앞쪽의 넓은 공터  내부는 높은 천장으로 자연광이 들어오고  플랜테리어로 초록을 더 했다. 대표메뉴는 크림이 올라간 하늘색 민트라테인 볼스라테가 있다. 이 외에도 제주 그린티 라테  얼그레이 밀크티  제주 제철 생과일 음료  빙수 등 다양한 종류의 음료와 디저트가 준비되어 있다. 재료 소진 시 조기마감할 수 있으므로 방문 전 영업여부를 확인해보는 것이 좋다.,070-7779-1981,,,있음,0.0,,10:00~19:00 (라스트오더 18:40)<br>※ 재료 소진 시 조기마감,연중무휴,볼스라테,그린티라테 / 얼그레이 밀크티 / 제주 제철 생과일 음료 / 콜드브루 / 빙수 외,,,,,,,20170631804.0
2851375,아리,63584.0,,,제주특별자치도 서귀포시 홍중로 99 1층,33.2614377519,126.5554202004,아리는 서귀북초등학교 근처에 있다. 텐동으로 유명한 일식집으로 음식 모두 맛이 좋아 재방문율이 높다. 강정마을에서 현재 자리로 이전하였으며  나뭇결이 느껴지는 깔끔한 인테리어와 아기자기한 피규어가 눈길을 끈다. 추천메뉴인 텐동은 바삭한 튀김과 살짝 양념된 밥  톡 터지는 온천계란이 조화가 좋고 초밥단품과 튀김  온천계란을 추가할 수 있다.,064-739-3183,,,없음,0.0,,11:00~20:00 (브레이크타임 14:30~17:00),"매주 일요일, 매달 네번째 월요일",아리텐동,에비텐동 / 아나고텐동 / 아리스시 / 아리우동 / 아리소바 외,,,,,,,20170631989.0
2851487,톰톰카레,63360.0,,,제주특별자치도 제주시 해맞이해안로 1112 ,33.5375034354,126.8375450072,톰톰카레는 한동리 평대 해변에 있다. 제주 돌집을 그대로 이용한 소박한 카레 집으로 구좌 평대읍에서 구한 콩  야채  버섯 등의 식재료를 사용해 건강한 카레를 제공한다. 내부에 그대로 살려놓은 돌집 벽과 작은 뜰  돌담이 소박한 분위기를 자아내는 바닷가 맛집이다. 1인 1 메뉴 주문해야 하고 카레  밥은 리필할 수 있다. 어린이 동반 고객을 위해 어린이 카레를 판매하며 유아 전용 의자도 구비하고 있다. 근처 여행지로 세화해수욕장  세화오일장  비자림 등이 있다.,070-7799-1535,,,있음,0.0,,11:00~20:00 (브레이크타임 15:00~17:00 / 라스트오더 19:30),연중무휴,구좌 야채 카레,콩카레 / 반반카레 / 버섯카레 / 치즈 톳카레 / 시금치카레 외,,,,,,,20160628321.0
2851674,마틸다,63045.0,,,제주특별자치도 제주시 고내1길 33 ,33.4657311153,126.3342820347,마틸다는 제주 고내리 애월도서관에서 바닷가 방향에 있다. 분위기 좋은 LP 카페로 옛날 음악  영화 OST 등을 LP로 들을 수 있다. 노래를 신청하면 틀어 주기도 하고  너무 시끄럽지도 너무 올드하지도 않아 적당히 분위기를 즐길 수 있다. 대부분 늦은 시간에 영업하지 않는 제주에서 밤을 즐길 수 있는 칵테일 바이기도 하다. 근처 여행지로 고내포구  애월 한담 해안도로  곽지해수욕장 등이 있다.,064-799-3629,,,있음,0.0,,18:00~01:00 (라스트오더 00:30),화요일,아메리카노,마틸다 커피 / 체리에이드 / 레모네이드 / 자몽에이드 / 딸기라테 외,,,,,,,20140628065.0
2852108,심바카레,63043.0,,,제주특별자치도 제주시 애월읍 애월로 87-16 ,33.4634172083,126.3168641577,심바카레는 제주시 애월읍 금성포구 근처에 있는 카레 전문점이다. 자극적이지 않고 순한 맛의 일식 카레와 두툼한 돈카츠를 맛볼 수 있다. 대표 메뉴는 돈카츠 카레이며 이 외에 돈카츠 샌드위치  돈카츠 카레 우동  계란 카레  심바 냉국수가 있다. 가족  친구  연인들의 방문도 많지만 혼밥 하기에도 좋다. 강아지가 그려진 간판이 독특한데 2017년 사인 프런티어에서 선정하는 ‘시민이 뽑은 아름다운 간판’ 최우수작으로 선정된 바 있다. 반려동물 동반도 가능하다.,064-799-4164,,,점포 앞 공영 주차장,0.0,,10:00~15:00 (라스트오더 14:30)<br>※ 재료 소진 시 조기마감,매주 수요일 정기휴무,돈카츠 카레,계란 카레 / 돈카츠 카레 우동 / 심바 냉국수 / 돈카츠 샌드위치 외,,,,,,,20170627568.0
2852136,재벌식당,63127.0,,,제주특별자치도 제주시 도령로7길 20 신광아파트 ,33.4908168279,126.4843989686,재벌식당은 제주시내 남녕고등학교 근처에 위치하고 있다. 메뉴는 곰탕 한 가지로 공항 근처에 있어 아침 도착 여행자들이 많이 찾는다. 방송에 여러 차례 소개되었고  2021년에는 생활의 달인에도 출연했다. 진한곰탕국물과 파김치  깍두기가 인기이고  영업시간은 오후 2시까지로 정해져 있지만 12시 전후로 마감되는 경우가 많다. 이호테우해변과 가깝다.,064-744-0677,,,없음,0.0,,08:00~14:00,연중무휴,곰탕,,,,,,,,19990627035.0
2894522,풍천만가,63142.0,,,제주특별자치도 제주시 아연로 40 ,33.4782462172,126.4982369392,풍천만가는 제주도에 위치한 민물장어구이 전문점이다. 국내산 민물장어만을 사용하며  장어를 숯불에 구워 기름기가 빠져 담백한 맛이 일품이다. 특제 복분자소스와 생강을 곁들여 명이나물에 싸 먹는 것은 이곳만의 별미이다. 민물장어구이 외에도 복분자양념소갈비  왕새우  갈비살  목살 등의 구이류가 있고  장어추어탕  전복해물뚝배기  잔치국수 등 식사메뉴도 준비되어 있다.,064-713-6255,,,가능,0.0,,11:00~22:00,연중무휴,풍천장어 참숯구이,장어추어탕 / 복분자양념소갈비 / 왕새우 / 갈비살 등,,,가능,가능,가능(전화 문의),"화장실:있음
",20150627310.0
2899667,먹돌 제주본점,63164.0,,,제주특별자치도 제주시 공항로1길 14 (용담이동) 1층,33.5038711465,126.4975003109,먹돌 제주본점은 제주시 용담이동  제주공항 앞에 있다. 고기 국수 맛집으로 TV 먹방 프로그램에 소개되며 더 유명해졌다. 고기 국수 외에 갈비 뼈대가 들어있는 한방 국밥  뿔소라 문어무침  제주 암퇘지로 삶은 돔베 고기  제주산 흑돼지로 부친 육전  톳한치물회국수 등이 있다. 아침 9시부터 저녁 9시까지  오픈하여 제주공항에 일찍 도착하거나 늦게 출발하는 여행자들이 식사하기 좋다. 양이 푸짐하고 놋그릇에 담아내는 정성도 보기 좋다. 주변 여행지로 무지개해안도로  이호태우해변 등이 있다.,0507-1405-9777,,,가능 (무료),0.0,,08:00~20:30  (마지막 주문 19:30),연중무휴,제주고기국수,돔베고기 / 먹돌 흑돼지육전 / 뼈대있는 한방국밥 / 제주 비빔국수 등,,,,,,"화장실:남녀 구분
",20210621148.0
2905191,헬로효주,63168.0,,,제주특별자치도 제주시 관덕로 10 (삼도이동) 1층,33.5128038559,126.5204175608,제주공항 근처에 위치한 카페 헬로효주는 제주 여행객들에게 인기 있는 카페이다. 이곳은 신선한 생과일주스와 맛있는 효주샌드위치로 유명하다. 카페 내부는 아늑하고 깔끔한 인테리어로  편안한 분위기에서 여유로운 시간을 보낼 수 있다. 특히  생과일주스는 신선한 과일의 맛을 그대로 담아내어 상큼한 맛을 자랑한다. 효주샌드위치는 신선하고 맛있는 재료가 듬뿍 들어가 있어 한 끼 식사로도 충분하다. 제주를 찾은 이들에게 기분 좋은 휴식을 선사하는 곳이다.,064-900-6607,,,불가능,0.0,,07:00 ~17:00,연중무휴,효주복샌드위치,허니햄치즈토스트 / 달고나땅콩버터토스트 / 버터그릴에그토스트 등,,,,,,":
",20180621755.0
2938586,북촌9길스낵,63339.0,,,제주특별자치도 제주시 북촌9길 3 ,33.5486443513,126.6951682231,북촌9길스낵은 만원 안에서 밥과 디저트  커피까지 즐길 수 있는 휴게음식점이다. 주메뉴는 김밥이며 새롭고 건강한 맛의 김밥들로 준비되어 있다. 디저트도 제주도답게 청귤과  한라봉을 이용한 디저트가 있다. 김밥은 야채기름으로 만들어 밥의 풍미를 더하고 직접 담근 단무지를 넣어 맛과 건강까지 생각하였다. 디저트도 질이 좋은 재료를 이용하여 소량씩 만들어 판매하고 있다.,0507-1356-4043,,,가능,0.0,,09:00 - 18:00 (재료 소진 시 조기마감),매주 화요일,콩불고기김밥(비건) 순한맛,크래미주니어김밥 / 유부쫑김밥(비건) / 한라봉버터바 / 캐러멜버터바 / 당근버터바 등,,,,,,,20220899869.0
2938592,서작가초밥집,63596.0,,,제주특별자치도 서귀포시 태평로 416-1 ,33.2448786169,126.564811425,정택진 부부가 2016년 11월에 시작한 서귀포 작은 가게 서 작가 초밥집은 기본에 충실한 소박한 밥집이다. 직접 손질한 재료를 초밥에 올리며  직접 끓인 육수로 우동를 만들고 그 외 야채 소스나 튀김도 직접 만든다. 기성품  반제품을 줄이고 하나하나 정성껏 만들어서 대접하는 곳이다. 직접 모든 것을 만든다는 것은 손이 많이 가고 많은 시간을 투자해야 하지만  그 작은 맛의 차이를 알아봐 주는 고객들이 계속 찾아와 단골이 되어준다. 그 뿌듯한 마음으로 정성스럽게 음식을 만드는 식당이다.,070-7736-5728,,,불가,0.0,,평일 11:30 ~ 23:00 (브레이크타임 14:00~17:00 / 라스트오더 22:30)<br>토요일 11:30~23:00 (브레이크타임 없음 / 라스트오더 22:30)<br>일요일 11:30~22:00 (브레이크타임 14:00~17:00 / 라스트오더 21:30),매주 수요일,정택진 초밥,당일바리 자연산 초밥 / 서작가 초밥 / 연어초밥 / 모듬사시미 등,,,,,,,20110631020.0
2939004,돈물국수,63282.0,,,제주특별자치도 제주시 연무정동길 2 ,33.5140484018,126.5354356713,"식객 허영만의 백반기행에도 소개된 제주 맛집이다. 주차장은 따로 없으며  허름해 보이는 외관이 오래된 노포맛집임을 확신하게 한다. 점심시간에는 찾아오는 손님이 많아 대기해야 할 수 있다. 내부는 테이블 5~6개 정도로 작으나 단일메뉴 구성으로 회전율을 높여 대기손님 대비 대기시간이 길지는 않다.
메밀로 만든 면발과 꿩육수가 어우러져 깊고 진한 맛으로 손님들의 입맛을 사로잡는다. 꿩메밀국수 외의 여름철 메뉴로 콩국수도 인기가 좋다. 재료가 소진되면 영업시간 전에 영업이 종료 될 수 있다.",064-758-5007,,,,0.0,,11:00~19:00,매주 일요일,꿩메밀 칼국수,콩국수(여름),,,,,,,19990627644.0
2940065,칠분의오,63358.0,,,제주특별자치도 제주시 해맞이해안로 650-20 ,33.5585340531,126.8135077198,‘일주일 중의 5일  너무 완벽하게 하려고 하기보다는 일주일에 다섯 번이라도 내 몸을 생각하고 지구의 환경을 고려하는 비건을 해보는 것은 어떨까?’라는 생각에서 출발한 식당이다. 김녕 성세기해변과 가깝고 김녕 풍력 발전단지 중에서 가장 큰 풍력발전기를 이정표 삼으면 찾기 쉽다.꼼꼼히 따져 엄선한 제철 과일과 채소를 써서 논 비건이라도 충분히 즐길 수 있는 맛을 낸다. 동물성 식재료를 사용하지 않는 건강한 한끼와 음료  디저트를 판매 하며 제철 채소를 주로 쓰는 특성상 계절마다 조금씩 메뉴가 달라진다.,0507-1324-2281,,,,0.0,,11:00~19:00 (라스트오더 18:00),매주 목요일,두툼버거 플레이트,비건 김치 떡볶이 / 오! 두둠칙 / 두둠칙밥 등,,,,,,,20220898678.0
2940076,카고크루즈,63166.0,,,제주특별자치도 제주시 탑동로 43 ,33.5176783151,126.5203646768,카고크루즈는 제주국제공항에서 자동차로 10분 거리인 탑동 해변과 가까운 비건 음식점이다. 청정 자연에서 얻은 식재료로 음식을 만들고  커피와 차  하우스 와인도 판매하고 있다. 카고크루즈의 대표 메뉴는 한라산 표고를 넣은 ‘갈치속젓 파스타’와 토마토 소스로 만든 ‘캐롯 토니’다. 맛이 진하고 향이 풍부해서 함께 나오는 수제 피클과 궁합이 좋다. 음식은 기본적으로 논비건으로 제공되지만 대부분의 메뉴에 비건 옵션이 있기 때문에 원한다면 비건 레시피로 변경이 가능하다. 가족 또는 지인 중에 비건이 있거나 비건은 아니어도 건강을 생각하는 사람들과 함께 식사를 즐길 수 있다. 음료만 주문해도 좋고  혼자 가기에도 좋으니 부담없이 방문해보자.,070-8670-8994,,,가능,0.0,,11:00~18:00,"매주 일요일, 월요일",갈치속젓버터와 버섯 파스타,당근라구 파케리 / 오늘의 후무스와 당근구이 / 비건 뒥셀 리가토니 등,,,,,,,19960627466.0
2941421,수눌음,63506.0,,,제주특별자치도 서귀포시 하모항구로 50 수눌음 ,33.2181793865,126.2500532068,방어축제가 열리는 모슬포항에 위치하여 저렴한 가격에 싱싱하고 맛있는 특방어회와 고등어회를 맛볼 수 있는 곳이다. 외관도 깔끔하고 실내도 깔끔하며 널찍한데도 웨이팅이 있을 정도로 인기 맛집이다. 세트메뉴를 시키면 회  회국수  조림  지리탕 등이 함께 나와 가성비가 좋다.,064-794-0025,,,가능,0.0,,11:00~21:30 (14:30~16:00 브레이크타임)<br>20:00 라스트오더,매주 월요일,특방어세트,방어회 / 고등어회 / 회덮밥 / 갈치조림 등,,,,,,,20060631360.0
3075941,온오프,63365.0,,,제주특별자치도 제주시 우도면 우도해안길 876 ,33.5129442691,126.9613570598,온오프는 제주 우도의 돈가스 전문점으로 하고수동해수욕장과 우도마을 사이 우도해안길에 위치해 있다. 인기메뉴는 바질치즈돈가스와 제주흑돼지 깻잎안심돈가스이다. 해안가 단층 건물 식당으로 실내와 야외에 모두 테이블이 있으며  바다를 보며 식사를 즐길 수 있다. 해안가의 단층 건물로 식사 후 해변에 나가 산책하기 좋다. 우도 안에 있어 배가 뜨지 않는 날은 영업을 하지 않기 때문에 날씨를 확인하고 여행 일정을 짜는 것을 추천한다.,0507-1346-9807,,,가능,0.0,,11:00~16:00,"연중무휴(단, 우도 배 안뜨는 날 휴무)",제주흑돼지 깻잎안심돈가스,바질 치즈돈가스 / 제주흑돼지 깻잎안심돈가스 / 제주흑돼지 치즈돈가스 / 제주흑돼지굴라쉬 등,,,가능,,,"화장실:있음(남녀 구분)

",20160628139.0
3401751,카페에벤에셀,63091.0,,,제주특별자치도 제주시 1100로 3198-20 (노형동) ,33.4729771585,126.4858242484,카페 에벤에셀은 제주 시내 위치한 도심속의 숲  견주들과 강아지들의 힐링 공간이라는 주제를 가지고 있는 카페이다. 규제 샌드박스를 통해 애견 동반 허가를 받아 함께 동반 식사가 가능하며  바깥으로는 펜스가 쳐져있어 숲속 공간을 그대로 느낄 수 있다. 봄  여름에는 숲속 그늘에서 시원한 바람을 즐길 수 있고  가을은 높은 하늘과 어우러진 소나무를 바라보며 제주의 가을을 만끽할 수 있으며  겨울에는 눈내리는 제주의 멋진 겨울을 느낄 수 있다.,0503-7150-3748,,,가능,0.0,,11:00-19:00,매주 일요일,,,,,,,,,
3434312,연리지가든,63002.0,,,제주특별자치도 제주시 한경면 두조로 190-20 ,33.344678557,126.202790621,제주도 내 식당 중 유일하게 재래종 흑돼지를 판매하는 식당으로 직접 재래종 흑돼지를 사육하고 있으며  하루에 30인분 정도만 판매하는 것을 원칙으로 한다. 흑돼지를 참숯에 구워내 깊은 풍미를 자랑하며 두툼하게 썬 흑돼지 오겹살과 목살은 쫄깃한 식감으로 현지인과 관광객들의 입맛을 사로잡는다. 반찬 역시 푸짐하게 나와 고기와 함께 다양한 조합으로 식사를 즐길 수 있다. 또한  넓고 청결한 실내 공간이라 편안한 식사를 할 수 있다. 하루 30인분 즉 30팀의 손님만 받기 때문에 미리 예약 후 방문하는 것을 추천한다.,064-796-8700,,,가능,0.0,,,"매주 수요일, 일요일",정육,된장찌개 / 공깃밥 등,,,,,,,
3434326,언덕집국수,63047.0,,,제주특별자치도 제주시 애월읍 애월해안로 494 ,33.4784272894,126.3569158912,제주에 위치한 언덕집국수는 전통 요리 방식으로 정성껏 만든 고기국수를 선보인다. 제주산 돈사골로 36시간 푹 끓인 육수를 사용해 깊고 진한 맛을 내며  고명으로 올라간 고기는 제주 흑돼지를 수비드 조리해 부드러운 식감을 낸다. 대표메뉴는 고기국수이며 새콤달콤한 비빔국수와 진한 멸치육수가 담백한 멸치국수  또한 국밥도 있어 밥을 원하는 사람들도 든든한 한끼를 먹을 수 있다. 부담없는 가격으로 한끼를 배불리 먹을수 있도록 밥을 무한으로 제공하고 있는 가성비 맛집이다. 내부는 깔끔하고 창가자리에서는 바다 뷰를 보며 식사를 즐길 수 있다.,070-8657-3107,,,가능,0.0,,08:00~16:00 (마지막 주문 15:00),연중무휴,고기국수,비빔국수 / 멸치국수 / 고기국밥 등,,,,,,,
3434327,신창흑돼지두루치기,63507.0,,,제주특별자치도 서귀포시 대정읍 동일하모로 182 ,33.2259063197,126.2506113207,신창흑돼지두루치기는 제주산 흑돼지를 사용한 철판 두루치기 요리를 전문으로 하는 식당이다. 철판 두루치기를 주문하면 주방에서 1차 조리를 마친 뒤 나오며  테이블에서 취향에 따라 콩나물과 파채를 추가로 넣어 한 번 더 익혀서 먹을 수 있다. 신선한 제주산 흑돼지를 사용한 두루치기로 유명하며  두툼하면서도 부드러운 고기 식감과 특제 양념이 어우러져 깊고 진한 맛을 자랑한다. 흑돼지 뿐 만 아니라 한치 두루치기  낙지 두루치기  쭈꾸미 두루치기 등 다양한 메뉴를 맛 볼 수 있다. 내부는 깔끔한 좌석으로 되어있어 가족과 함께 오기에도 좋다.,064-792-2292,,,가능,0.0,,10:00~21:30,연중무휴,흑돼지 두루치기,한치 두루치기 / 낙지 두루치기 / 쭈꾸미 두루치기 등,,,,,,,
404135,대우정,63573.0,,,제주특별자치도 서귀포시 이어도로 866-37 ,33.2330484491,126.5068778218,"이곳의 주메뉴는 전복돌솥밥이다. 전복돌솥밥과 함께 나오는 마가린을 살짝 떠서 밥과 함께 비벼 놓으면 돌솥밥의 고소한 맛을 배가 시킨다. 
이 외에도 각종 조림과 생선구이  전복 요리들을 맛볼 수 있다. 자극적이지 않고 깔끔하고 든든한 한 끼 식사를 제공한다. 깔끔한 매장과 넓은 주차 공간으로 가족들과 함께 하기 좋은 곳이다.",064-733-0137,,,가능,0.0,,09:00~20:30 (브레이크타임 15:00~17:00)<br>19:30 라스트오더,매주 목요일,전복돌솥밥,전복죽 / 전복성게미역국 외,,모두 금연석,가능,,전화 예약 문의 (064-733-0137),"화장실:있음(남녀개별  업소내 위치)
",20180624711.0
404168,오조해녀의집,63639.0,오조해녀의집,064-784-0893,제주특별자치도 서귀포시 성산읍 한도로 141-13 ,33.4697956273,126.922336438,성산 일출봉에서 제주 방향으로 방조제를 건너면 등대를 닮은 하얀 건물이 보이는데 이곳이 오조리 어촌계에서 직영하는 해녀식당 오조리 해녀의 집이다. 이곳 메뉴는 전복  소라  해삼 등의 해산물 이름만이 적혀있다. 싱싱한 재료의 맛을 온전히 맛볼 수 있는 회나 구이가 주가 되고 그 중 가장 인기 있는 메뉴는 역시 전복죽이다.,064-784-7789,,200석,가능,0.0,1986-08-01,07:00 ~ 19:00,연중무휴,전복죽,전복회 / 해삼 / 소라 / 문어 외,,모두 금연석,가능,가능(일부 메뉴),전화 예약 가능 (064-784-0893),"화장실:남녀구별  식당내부
",19980631186.0
404173,장수해장국,63546.0,장수해장국,064-738-5667,제주특별자치도 서귀포시 천제연로 152 ,33.2525699403,126.4210514935,‘장수해장국’은 제주 서귀포시에 위치한 해장국 맛집이다. 24시간 내내 운영을 하고 있어 부담 없이 찾을 수 있다는 점이 장점이며 얼큰하고 칼칼한 선지해장국과 뽀얀 사골국물의 깊은 맛을 느낄 수 있는 사골국밥이 인기 메뉴이다. 그 외에 다양한 식사메뉴가 준비되어 있어 여행객들의 아침식사 장소나 현지인들의 든든한 한 끼 식사가 가능한 식당으로 입소문이 난 곳이다.,064-738-5667,,,가능,0.0,,00:00 ~ 24:00,연중무휴,사골국밥,얼큰사골국밥 / 뼈해장국 / 내장국밥 / 순대국밥 / 황태콩나물해장국 외,,모두 금연석,가능,가능,전화 예약 문의 (064-738-5667),"화장실:남녀개별 / 식당내외부
",19930631037.0
599863,동복해녀식당,63347.0,동복해녀식당,064-783-4158,제주특별자치도 제주시 구좌읍 동복로 5 ,33.5535134457,126.7069087584,사조리조트 앞 동복 해안 도로 입구에 위치한 ‘동복 해녀 식당’은 맑고 푸른 에메랄드빛 바다가 손에 잡힐 듯 바다 가까이 위치해 있다. 아름답고 전망 좋은 풍경과 청결하고 세련된 실내  제주 동부지역 최고를 지향하는 맛과 친절  최고의 청결함과 위생  서비스로 유명한 제주특별자치도가 자랑할 만한 가족 중심형 해산물 요리 전문점이다. 제주 고유 토속 음식 식당으로 별미 회 국수와 갈치  고등어  옥돔으로 하는 향토음식 그리고 싱싱한 활어회를 전문으로 하는 유명 맛집이다.,064-783-4158,,,가능<br>요금 (무료),0.0,,10:00 ~ 18:30,매주 목요일,광어 회국수,활전복 회덮밥 / 보말 성게미역국 / 제주 고등어조림 / 보말 성게죽 / 제주 갈치조림 외,,모두 금연석,가능,,전화 예약 문의 (064-783-4158),"화장실:남녀개별 / 업소내 위치<br>
※ 방문한 고객분들이 지어준 기분좋은 아름다운 화장실""",
",19850627087""",,,,,,,,,,,,,,,,,,,,,,,,,
686399,황금어장,63133.0,황금어장,064-748-8989,제주특별자치도 제주시 사장길 14 ,33.4844149333,126.4953564946,2대째 제주 향토음식의 맛과 전통을 이어가는 향토음식전문점이다. 제주다운 식탁을 고객에게 제공하는 식당으로  갈치구이와 갈치조림이 대표메뉴이다. 갈치호박국  옥돔미역국  성게국  고등어조림  전복물회 등 다양한 제주도 향토음식의 제대로 된 맛을 느낄 수 있으며 코스요리도 준비되어 있다. 제주 바다에서 잡히는 다양한 어종을 활용한 생선요리를 계절별로 다르게 맛볼 수 있어 찾는 재미가 있다. 넓고 쾌적한 실내와 청결한 환경에서 깨끗하고 싱싱한 재료로 조리한 음식을 먹을 수 있으며 주차공간이 마련되어 있다.,064-748-8989,,,가능,0.0,,09:00~21:00,연중무휴,갈치조림,고등어조림 / 전복물회 / 한치물회 등,,모두 금연석,가능,가능(일부 메뉴),전화 문의,"화장실:있음(남/녀 구분)

",20010627839.0
687563,제주미향,63534.0,제주미향,064-738-8588,제주특별자치도 서귀포시 천제연로 99 ,33.2551612466,126.4163601758,제주 중문 관광단지에 위치한 제주미향은 활어회와 갈치  고등어 요리를 주로 하며 조림이 유명한 집이다. 이곳은 푸른 바다  여미지 식물원  선녀다리가 한눈에 내려다보이는 곳에 위치하고 있다.,064-738-8588,,,주차 가능,0.0,,09:30-21:30,,통갈치구이 / 순살갈치스페셜,통갈치구이 / 통갈치조림 / 갈치회 / 고등어조림 / 돌문어해물전골 / 옥돔구이 외,,모두 금연석,가능,가능(일부 메뉴),전화 예약 문의 (064-738-8588 ),,20040631219.0
687869,도남오거리식당,63201.0,도남오거리식당,064-722-4844,제주특별자치도 제주시 도남로6길 16 ,33.4965335254,126.5261257672,20여 년 전통의 고기 전문점으로  소  돼지 다양한 구이 메뉴를 취향대로 즐길 수 있는 한식당이다. 제주에서 흔히 맛볼 수 없는 황소 모둠구이 전문식당이다. 황소 모둠구이  육회  쌈밥 등의 메뉴를 가지고 있는데 다양한 소 부위를 저렴하게 먹을 수 있는 곳으로 유명하다. 그리고 돌솥육회비빔밥  우거지탕  육개장  김치전골 등의 식사메뉴와 냉면 메뉴가 마련되어 있다.,064-722-4844,,,가능,0.0,,15:00~23:00,매주 월요일,황소 모둠구이,꽃등심 / 차돌박이 / 육회 등,,모두 금연석,가능,가능(일부 메뉴),전화 예약 가능 (064-757-9118),,20060628203.0
